Polling firm,Committente,Pubblicato,Campione,M5S,PD,Lega,FI,FdI,Sinistra,+Europa,Verdi,Azione,IV,Altri
Termometro Politico,,2020-08-27,2600,14.4,20.4,27.3,6.2,14.4,2.7,1.4,1.2,3.4,3.0,5.6
BiDiMedia,,2020-08-27,1661,15.2,21.0,26.2,6.1,14.4,3.0,1.5,1.6,2.4,3.1,5.1
Demoskopea,,2020-08-14,1002,19.9,20.5,23.5,6.3,15.5,3.2,2.3,2.1,3.3,3.3,0.1
Termometro Politico,,2020-08-06,2100,14.5,20.2,27.4,5.8,14.7,2.8,1.3,1.4,3.0,3.2,5.7
Euromedia,La Stampa,2020-08-04,1000,16.0,20.5,24.9,6.8,14.9,2.1,1.6,1.3,3.8,2.9,4.4
SWG,,2020-08-03,1200,16.4,19.6,26.5,6.0,14.2,3.6,1.8,1.9,3.3,3.1,2.4
Tecnè,Agenzia Dire,2020-07-31,1000,15.8,20.2,24.4,8.4,16.3,3.1,2.0,1.6,2.5,2.5,3.2
Termometro Politico,,2020-07-30,2000,14.9,20.5,27.1,5.5,14.2,3.0,1.6,1.2,3.2,2.9,5.9
Ixè,Rai 3,2020-07-30,1000,16.7,21.9,22.7,7.9,14.5,3.6,2.5,1.5,2.2,2.2,4.3
SWG,La7,2020-07-27,1200,16.0,19.8,26.3,6.2,13.9,3.8,2.1,1.8,3.1,3.0,2.7
Tecnè,RTI,2020-07-24,1000,15.4,20.3,24.7,8.3,16.0,3.0,2.1,1.5,2.7,2.6,3.4
Termometro Politico,,2020-07-23,2200,14.6,20.4,27.6,5.7,14.1,2.9,1.4,1.5,3.0,3.1,5.7
Ipsos,Corriere della Sera,2020-07-23,1000,18.9,19.6,23.1,6.9,18.0,2.9,1.3,2.9,2.5,2.5,1.4
Demopolis,,2020-07-22,1500,16.0,21.0,25.4,6.5,15.0,3.4,,,2.5,3.2,7.0
Tecnè,Agenzia Dire,2020-07-24,1000,15.4,20.3,24.7,8.3,16.0,3.0,2.1,1.5,2.7,2.6,3.4
Termometro Politico,,2020-07-23,2200,14.6,20.4,27.6,5.7,14.1,2.9,1.4,1.5,3.0,3.1,5.7
Ipsos,Corriere della Sera,2020-07-23,1000,18.9,19.6,23.1,6.9,18.0,2.9,1.3,2.9,2.5,2.5,1.4
Ixè,Rai 3,2020-07-21,1000,15.8,21.8,23.7,7.9,13.9,3.4,2.6,1.6,2.1,2.3,4.9
Euromedia,La Stampa,2020-07-20,(800),15.8,20.8,26.5,6.0,13.5,2.1,1.6,1.2,3.6,3.4,4.7
SWG,La7,2020-07-20,1200,15.6,19.3,26.5,6.0,14.2,3.6,2.4,1.9,3.3,3.0,3.0
Tecnè,Agenzia Dire,2020-07-17,1000,15.0,20.2,24.9,8.3,16.0,2.9,1.9,1.6,2.9,2.7,3.6
Termometro Politico,,2020-07-16,2200,14.9,20.7,27.8,5.5,14.4,2.6,1.4,1.4,3.2,2.8,5.3
Analisi Politica,Libero Quotidiano,2020-07-13,1000,16.0,21.0,26.0,7.0,14.0,3.0,2.0,1.0,3.0,3.0,3.0
SWG,La7,2020-07-13,1200,15.3,19.6,26.3,6.3,14.5,3.7,2.2,1.7,3.1,3.2,3.0
Ixè,Rai 3,2020-07-07,1000,15.4,22.0,23.9,7.2,13.8,3.0,3.1,1.9,1.6,2.6,5.5
Tecnè,RTI,2020-07-06,1000,14.8,20.2,25.6,8.2,15.8,2.5,1.7,1.7,2.8,3.1,3.6
SWG,La7,2020-07-06,1200,15.7,20.0,26.6,5.9,14.0,3.8,2.0,1.8,3.2,2.9,2.8
Lab2101,Affaritaliani.it,2020-07-05,837,16.7,22.4,26.6,6.4,14.4,3.4,1.4,1.7,2.9,3.4,0.7
Tecnè,RTI,2020-07-03,1000,14.6,20.2,25.5,8.2,15.9,2.5,1.7,1.8,2.9,3.0,3.7
Termometro Politico,,2020-07-02,2900,14.9,20.8,27.9,5.8,14.2,2.6,1.8,1.5,3.3,2.8,4.4
BiDiMedia,,2020-07-02,1496,15.0,21.4,26.6,5.9,14.1,2.6,1.5,1.7,2.6,3.5,4.7
SWG,La7,2020-06-29,1200,16.0,20.3,26.6,5.6,14.2,3.5,2.5,2.0,2.9,3.0,2.2
Euromedia,,2020-06-26,(800),16.0,20.2,25.5,7.3,13.6,2.3,1.6,1.2,3.5,3.4,4.7
Tecnè,Agenzia Dire,2020-06-26,1000,14.5,19.8,25.8,8.2,16.0,2.6,1.7,1.9,2.6,2.9,4.0
Demopolis,,2020-06-26,1500,15.8,21.2,26.0,6.0,15.0,3.4,,,2.5,3.2,6.9
Termometro Politico,,2020-06-25,2400,15.3,20.5,28.4,5.9,14.5,3.5,1.7,1.3,3.2,2.9,2.8
Ipsos,Corriere della Sera,2020-06-25,1000,18.0,20.4,24.0,7.2,16.3,2.3,1.4,1.9,2.8,2.9,2.8
Noto Sondaggi,Rai 1,2020-06-25,(1000),17.0,19.5,28.5,7.0,14.0,1.5,0.5,1.5,3.0,3.5,2.5
EMG,Rai,2020-06-23,1623,16.1,20.0,26.8,6.8,14.4,2.0,1.6,1.8,3.6,4.8,2.1
Ixè,Rai 3,2020-06-23,1000,15.6,22.2,23.8,7.5,14.0,2.4,2.7,2.0,1.2,3.0,5.6
SWG,La7,2020-06-22,1200,15.9,19.3,26.9,6.0,13.6,3.8,2.5,2.4,3.1,2.9,2.1
Tecnè,Agenzia Dire,2020-06-19,1000,14.5,19.7,25.9,8.3,15.9,2.5,1.6,2.0,2.8,3.0,3.8
Euromedia,Rai,2020-06-18,800,15.6,19.6,25.5,7.9,13.2,1.8,1.6,1.2,3.6,3.5,5.3
Termometro Politico,,2020-06-18,2900,15.0,20.3,28.8,5.6,14.7,2.3,1.5,1.5,2.9,3.3,3.1
Demos & Pi,La Repubblica,2020-06-17,1006,16.8,21.2,25.2,7.3,14.3,3.7,2.8,,2.2,2.5,4.0
EMG,Rai,2020-06-16,1000,16.4,19.9,26.6,6.7,14.0,2.3,1.5,1.8,3.4,4.9,2.5
Ixè,Rai 3,2020-06-16,1000,16.1,22.0,24.3,7.9,14.2,2.0,2.2,2.2,0.9,2.7,5.5
Euromedia,La7,2020-06-15,(800),15.5,19.7,24.7,7.9,13.4,2.9,1.8,1.5,3.7,3.3,4.8
SWG,La7,2020-06-15,1200,16.2,19.0,26.9,6.1,14.1,3.7,2.3,2.2,3.0,2.9,2.3
Tecnè,Agenzia Dire,2020-06-12,1000,14.8,19.8,25.9,8.4,15.5,2.6,1.8,1.7,3.0,2.9,3.6
Noto Sondaggi,Rai 1,2020-06-11,1000,16.0,19.5,28.0,7.5,14.0,1.0,0.5,1.5,3.0,3.5,4.0
Ipsos,Corriere della Sera,2020-06-11,1200,17.1,21.3,23.5,7.0,17.5,2.4,1.2,1.5,2.7,2.3,3.5
Termometro Politico,,2020-06-11,2200,14.8,20.8,28.3,5.9,15.0,2.5,1.4,1.3,2.9,3.0,3.1
BiDiMedia,,2020-06-11,1617,15.3,20.8,27.2,6.1,13.4,2.8,1.7,1.7,2.5,3.5,0.9
EMG,Rai,2020-06-10,1624,16.0,20.0,26.8,7.0,14.2,2.1,1.4,1.6,3.0,5.0,2.9
Ixè,Rai 3,2020-06-09,1000,17.2,21.4,25.0,7.6,14.4,2.0,1.7,2.3,1.5,1.9,5.0
SWG,La7,2020-06-08,1200,15.8,19.1,27.3,5.6,14.4,4.0,2.2,2.1,2.7,3.0,2.7
Euromedia,,2020-06-06,800,15.5,19.7,24.7,7.9,13.4,1.8,1.8,1.5,3.7,3.3,4.8
Tecnè,Agenzia Dire,2020-06-05,1000,14.9,20.0,26.2,8.2,15.4,2.5,1.9,1.6,2.7,2.8,3.8
Quorum,Sky TG24,2020-06-05,1009,15.5,21.6,26.2,6.5,15.0,2.7,2.3,,2.4,3.1,4.0
Euromedia,Rai 1,2020-06-04,800,15.8,19.7,25.3,7.8,13.7,1.8,1.8,1.6,3.4,3.2,4.2
Termometro Politico,,2020-06-04,3300,15.2,20.8,28.8,5.6,14.5,2.2,1.6,1.5,2.7,3.2,3.9
EMG,Rai 3,2020-06-02,1762,15.8,20.3,27.2,6.9,14.5,2.2,1.5,1.6,2.6,4.6,2.8
Tecnè,rti,2020-06-01,1000,15.1,20.2,26.0,8.2,15.1,2.6,1.8,1.6,2.7,3.0,3.7
SWG,La7,2020-06-01,1200,16.0,19.5,27.0,6.0,13.9,3.7,2.4,1.9,2.8,3.0,2.7
Quorum,Sky Tg24,2020-05-30,1009,15.5,21.6,26.2,6.5,15.0,2.7,2.3,,2.4,3.1,4.6
Scenari Politici–Winpoll,Il Sole 24 Ore,2020-05-30,1590,14.4,22.0,27.5,5.9,15.9,2.3,0.9,1.7,2.4,2.5,3.0
Tecnè,Agenzia Dire,2020-05-29,1000,15.0,20.3,26.0,8.2,15.0,2.7,1.8,1.7,2.5,3.1,3.7
Index,La7,2020-05-28,800,15.5,21.2,25.4,6.9,14.5,3.5,2.1,2.0,2.9,2.5,2.4
Termometro Politico,,2020-05-28,3300,15.3,21.1,29.5,5.7,14.0,2.4,1.4,1.3,2.3,3.5,2.5
EMG,Rai 3,2020-05-26,1758,15.7,20.6,27.1,6.8,14.6,2.2,1.5,1.7,2.6,4.7,2.5
Ixè,Rai 3,2020-05-26,1000,17.5,20.9,25.3,7.4,14.3,2.4,1.6,2.4,1.5,1.5,5.2
Tecnè,rti,2020-05-25,1000,15.2,20.8,25.8,8.1,14.9,2.7,1.7,1.7,2.4,3.2,3.5
SWG,La7,2020-05-25,1200,15.7,20.2,26.9,6.3,14.5,3.4,2.1,1.7,2.9,2.7,2.3
Tecnè,Agenzia Dire,2020-05-22,1000,15.1,20.7,25.9,8.1,14.9,2.8,1.6,1.6,2.4,3.3,3.6
Euromedia,Rai 1,2020-05-21,800,15.5,20.5,24.9,7.7,14.5,2.8,1.8,1.2,3.4,2.7,4.5
Termometro Politico,,2020-05-21,2700,15.0,21.5,29.2,5.9,14.1,2.5,1.3,1.5,2.3,3.3,3.4
Ipsos,Corriere della Sera,2020-05-21,1000,16.7,21.2,24.3,7.4,16.2,1.8,1.3,1.8,2.2,3.0,4.1
EMG,Rai 3,2020-05-19,1725,15.4,20.9,26.9,6.8,14.3,2.3,1.6,1.8,2.6,5.0,
Ixè,Rai 3,2020-05-19,1000,17.2,21.6,24.6,7.2,14.7,2.5,1.6,2.2,1.8,2.2,4.5
SWG,La7,2020-05-18,1200,16.0,20.6,27.0,5.7,14.0,3.7,2.2,1.5,2.6,3.0,2.6
Piepoli,,2020-05-16,502,15.0,21.5,28.5,6.5,13.5,2.0,1.5,1.0,2.0,4.0,4.5
Tecnè,Agenzia Dire,2020-05-15,1000,15.2,20.8,26.2,8.1,14.7,2.7,1.6,1.7,2.0,3.4,3.6
Noto Sondaggi,Rai 1,2020-05-14,(1000),15.0,21.0,27.0,7.0,14.0,2.0,1.0,1.5,3.0,3.5,3.5
Index,La7,2020-05-14,(800),15.3,21.6,25.8,6.7,14.1,3.4,2.0,2.0,2.5,3.2,2.3
Termometro Politico,,2020-05-14,3300,14.8,21.6,29.4,6.2,14.3,2.7,1.5,1.1,2.2,3.0,3.2
BiDiMedia,,2020-05-14,1781,15.0,21.9,26.8,6.3,13.1,2.8,1.6,1.6,2.1,3.6,4.6
EMG,Rai 3,2020-05-13,1623,15.4,20.8,27.3,6.6,14.2,2.2,1.6,2.0,2.4,5.0,2.5
Demopolis,,2020-05-13,1500,16.0,21.0,26.0,6.0,14.2,3.5,,,,3.0,10.3
Ixè,Rai 3,2020-05-12,1000,16.9,22.0,24.6,7.5,14.2,3.0,2.1,1.8,2.0,2.6,3.3
SWG,La7,2020-05-11,1200,16.7,19.5,27.8,6.0,14.6,3.1,2.0,1.8,2.5,2.7,2.2
Tecnè,Agenzia Dire,2020-05-08,1000,14.9,20.9,26.6,8.0,14.6,2.8,1.7,1.8,1.8,3.5,3.4
Index,La7,2020-05-07,800,14.9,21.6,26.1,6.6,13.7,3.5,2.0,2.0,2.5,3.5,2.6
Termometro Politico,,2020-05-07,3600,15.0,21.4,29.5,6.0,14.0,2.6,1.5,1.3,2.0,2.9,3.7
Euromedia,,2020-05-06,800,15.2,21.3,26.0,7.3,14.0,2.4,1.7,1.4,2.5,2.8,4.7
EMG,Rai 3,2020-05-06,1589,15.1,20.7,27.9,6.4,13.9,2.2,1.5,2.1,2.3,5.0,2.9
Ixè,Rai 3,2020-05-05,1000,16.8,22.9,24.9,7.2,13.8,2.8,2.1,2.0,1.1,2.6,3.8
Piepoli,,2020-05-04,1000,19.0,22.0,25.0,6.0,13.0,2.0,,,2.0,3.0,8.0
SWG,La7,2020-05-04,1200,16.2,20.2,27.3,5.3,14.9,3.3,1.9,1.8,2.5,3.0,2.6
Noto Sondaggi,Rai 1,2020-04-30,(1000),15.0,21.5,27.5,7.0,14.0,1.5,1.5,1.0,3.0,4.0,2.5
Tecnè,Agenzia Dire,2020-04-30,1000,14.3,21.0,27.2,8.0,14.4,2.7,1.7,1.9,1.9,3.6,3.3
Demopolis,,2020-04-30,1500,16.5,21.0,27.0,5.6,14.0,3.4,,,,3.0,9.5
Termometro Politico,,2020-04-30,4400,14.7,21.6,29.8,5.9,13.9,2.4,1.3,1.5,2.1,3.2,3.6
Demos & Pi,La Repubblica,2020-04-30,1006,16.3,21.8,26.6,6.2,13.6,3.6,2.0,,2.5,2.2,5.2
Noto Sondaggi,Rai 1,2020-04-09,(1000),15.0,21.5,29.0,5.5,14.0,1.5,1.5,1.0,3.0,4.0,3.0
Index,La7,2020-04-29,800,14.7,21.6,26.6,6.8,13.2,3.8,2.0,1.9,2.4,3.8,2.2
EMG,Rai 3,2020-04-29,1635,14.7,20.7,28.4,6.6,13.7,2.5,1.5,2.0,2.3,5.1,2.5
Ixè,Rai 3,2020-04-28,1000,16.4,22.9,25.6,7.9,12.0,3.2,2.0,2.3,1.2,2.9,3.6
SWG,La7,2020-04-27,1200,15.4,20.3,28.2,6.3,13.8,3.4,2.1,1.9,2.3,3.4,2.1
Tecnè,Agenzia Dire,2020-04-24,1000,14.0,21.1,27.9,7.7,14.3,2.8,1.6,1.8,2.0,3.4,3.4
Scenari Politici–Winpoll,,2020-04-23,1643,14.1,22.4,29.2,5.6,13.5,2.4,1.3,1.7,2.8,3.3,3.7
Termometro Politico,,2020-04-23,2200,14.2,21.8,30.1,5.7,13.9,2.3,1.5,1.5,2.4,3.3,3.3
Ipsos,Corriere della Sera,2020-04-23,1000,18.6,21.3,25.4,7.5,14.1,2.0,1.7,1.9,1.4,3.1,3.0
EMG,Rai 3,2020-04-22,1789,14.7,20.9,28.8,6.1,13.8,2.4,1.7,1.9,2.3,5.1,2.3
Ixè,Rai 3,2020-04-21,1000,16.4,22.9,25.9,7.7,12.5,3.6,1.5,2.1,1.0,1.9,4.5
SWG,La7,2020-04-20,1200,14.4,20.0,29.5,5.8,13.3,3.5,2.0,1.9,2.6,3.1,2.6
Tecnè,Agenzia Dire,2020-04-17,1000,14.0,21.4,28.3,7.3,14.5,3.0,1.4,1.9,1.6,3.0,3.6
Index,La7,2020-04-16,(800),14.7,21.8,27.0,6.3,12.9,3.9,2.0,1.8,2.3,4.5,2.1
Euromedia,Rai 1,2020-04-16,800,14.7,21.0,27.5,6.4,13.8,2.3,1.5,1.6,2.2,3.2,4.8
Termometro Politico,,2020-04-16,3400,14.9,22.2,30.5,5.3,13.2,2.6,1.1,1.3,2.1,3.2,3.6
BiDiMedia,,2020-04-16,1441,14.8,21.4,27.6,5.8,12.9,2.8,1.8,1.8,2.2,3.7,4.7
EMG,Rai 3,2020-04-15,1802,15.1,21.1,29.2,5.9,13.7,2.3,1.7,1.8,2.3,5.0,1.9
SWG,,2020-04-13,1200,14.2,19.9,29.7,5.3,12.8,3.8,2.4,2.1,2.4,3.6,2.5
Tecnè,Agenzia Dire,2020-04-10,1000,14.1,21.8,28.5,7.0,14.5,2.8,1.5,1.8,1.7,2.8,3.5
Index,La7,2020-04-09,(800),14.6,22.1,26.9,6.2,12.9,3.8,2.1,1.8,2.2,4.5,2.4
Termometro Politico,,2020-04-09,2200,14.2,21.9,30.8,5.7,12.8,2.3,1.3,1.7,2.5,3.5,3.3
EMG,Rai 3,2020-04-08,1756,15.0,21.4,29.1,5.7,13.8,2.2,1.8,1.8,2.2,5.0,2.0
Ixè,Rai 3,2020-04-07,1000,16.0,22.6,26.0,7.5,12.5,3.5,1.8,2.2,1.0,2.0,3.5
SWG,,2020-04-06,1200,14.5,20.1,30.7,5.2,12.0,3.5,2.3,2.3,2.5,3.4,2.4
Tecnè,Agenzia Dire,2020-04-03,1000,13.7,21.8,29.0,6.9,14.4,2.7,1.6,1.8,1.6,2.9,3.6
Index,La7,2020-04-02,(800),14.5,21.9,27.5,6.2,12.8,3.7,2.0,1.9,2.1,4.5,2.3
Termometro Politico,,2020-04-02,2200,13.8,21.8,30.8,5.6,12.7,2.4,1.5,1.5,2.8,3.2,3.9
EMG,Rai 3,2020-04-01,1802,14.7,21.3,30.3,5.8,13.1,2.1,1.8,1.8,1.9,5.0,2.2
Ixè,Rai 3,2020-03-31,1000,15.6,22.6,26.2,7.4,12.8,3.9,2.0,1.8,1.6,1.9,3.9
SWG,,2020-03-30,1200,14.9,19.2,31.0,5.3,12.3,3.3,2.2,2.2,2.7,3.3,2.9
Tecnè,Agenzia Dire,2020-03-27,1000,13.6,22.0,28.9,6.9,14.2,2.6,1.7,1.6,1.7,3.1,3.7
Termometro Politico,,2020-03-26,2200,13.6,20.9,32.1,5.0,11.8,2.1,1.5,1.5,2.8,3.4,4.5
Euromedia,,2020-03-25,800,14.5,21.5,27.7,6.7,13.5,2.1,1.8,1.3,2.3,3.5,4.7
Ipsos,Corriere della Sera,2020-03-26,1000,15.3,20.6,31.1,6.8,13.3,2.1,1.0,2.0,1.0,3.5,3.3
EMG,Rai 3,2020-03-25,1756,14.9,21.0,30.1,6.0,12.7,2.3,1.9,1.7,1.9,5.3,2.2
Ixè,Rai 3,2020-03-24,1000,15.1,22.9,26.5,7.0,12.7,3.5,2.6,1.6,1.3,2.2,3.9
SWG,,2020-03-23,1200,13.8,20.3,30.2,5.7,11.8,3.7,2.2,2.3,2.6,3.2,2.9
Scenari Politici–Winpoll,,2020-03-21,2000,12.8,23.1,30.6,5.0,13.7,3.1,1.5,2.2,2.0,2.8,3.2
Tecnè,Agenzia Dire,2020-03-20,1000,13.7,22.3,28.6,6.8,14.1,2.6,1.8,1.7,1.8,3.0,3.6
Noto Sondaggi,Rai 1,2020-03-19,(1000),14.0,21.5,29.5,5.7,14.0,1.0,1.0,1.5,2.0,4.0,4.5
Termometro Politico,,2020-03-19,2200,14.5,20.9,31.2,5.5,12.1,2.4,1.4,1.6,2.4,4.1,3.9
EMG,Rai 3,2020-03-18,1812,14.7,21.3,29.7,6.3,12.5,2.5,1.8,1.8,1.9,5.4,2.1
Demos & Pi,La Repubblica,2020-03-17,1028,14.6,21.0,28.8,5.9,13.5,3.5,2.3,,2.0,3.3,5.1
Ixè,Rai 3,2020-03-17,1000,14.9,22.5,27.0,6.6,13.0,3.8,2.4,1.6,1.0,2.4,4.1
SWG,,2020-03-16,1200,13.2,20.5,31.0,5.3,12.0,3.5,2.4,2.2,2.9,3.2,2.6
Tecnè,,2020-03-13,1000,13.7,22.0,28.7,6.6,13.7,2.4,1.9,1.8,2.0,3.3,3.9
Termometro Politico,,2020-03-12,2200,15.4,21.0,31.6,5.4,12.4,2.4,1.4,1.6,1.8,3.9,3.1
EMG,,2020-03-11,1722,14.3,21.1,29.4,6.1,12.7,2.8,1.9,2.0,2.2,5.3,1.5
BiDiMedia,,2020-03-11,1296,14.0,21.2,28.7,6.0,11.9,3.0,1.6,1.9,2.4,4.0,4.8
Ixè,,2020-03-10,1000,15.6,22.5,27.0,6.1,13.4,3.3,2.3,1.9,1.1,2.6,3.2
SWG,,2020-03-09,1200,13.4,19.6,30.6,5.7,12.0,3.8,2.3,2.4,2.9,3.5,2.9
Euromedia,,2020-03-03,800,14.6,21.0,28.5,6.5,12.5,2.3,2.0,1.3,2.6,3.8,4.2
Termometro Politico,,2020-03-05,2200,15.3,20.7,32.5,5.0,11.6,2.0,1.5,1.6,2.0,3.9,2.9
Index,,2020-03-05,(800),14.8,20.0,30.3,6.1,12.1,3.5,2.1,2.2,2.3,3.5,2.2
Tecnè,,2020-03-06,1000,13.6,21.5,29.6,6.8,13.4,2.5,2.0,1.7,2.0,3.2,3.7
Scenari Politici–Winpoll,,2020-03-07,1000,12.5,22.9,31.1,4.6,13.3,2.9,1.4,2.3,2.1,3.0,2.7
Index,La7,2020-03-04,800,14.8,20.0,30.3,6.1,12.1,,2.1,2.2,2.3,3.5,5.7
EMG,,2020-03-04,1754,14.7,21.3,29.6,6.1,12.4,2.9,1.8,1.9,2.2,5.1,1.3
Ixè,Rai 3,2020-03-03,1000,15.7,22.0,27.2,6.2,13.4,2.8,2.3,2.2,1.5,2.8,3.0
SWG,La7,2020-03-02,1200,13.7,19.9,30.9,5.7,12.1,3.6,2.1,2.2,2.8,3.2,2.6
Piepoli,Rai 2,2020-02-29,504,14.5,21.0,30.5,6.5,11.0,2.0,2.0,1.5,1.5,5.0,4.5
Tecnè,Agenzia Dire,2020-02-28,1000,13.4,21.2,30.2,7.1,13.1,2.6,1.8,1.5,2.1,3.6,3.4
Ipsos,Corriere della Sera,2020-02-27,1000,14.0,19.6,31.6,6.3,13.3,1.8,1.6,2.5,1.6,3.5,4.2
Termometro Politico,La7,2020-02-27,2200,15.3,20.9,32.6,5.1,11.5,2.0,1.4,1.5,2.1,4.0,3.6
EMG,,2020-02-26,1722,14.6,21.2,30.1,6.4,12.0,2.8,1.9,1.8,2.1,5.0,1.3
Ixè,Rai 3,2020-02-25,1000,15.4,21.6,27.7,5.9,13.7,2.5,2.6,2.0,1.7,3.0,3.3
SWG,Agenzia Dire,2020-02-24,1200,13.4,20.1,31.3,5.4,11.3,3.3,2.2,2.3,3.1,3.8,
Piepoli,Rai 2,2020-02-22,503,15.0,20.5,30.5,6.5,10.5,2.0,2.5,1.5,1.0,5.0,5.0
Tecnè,Quarta Repubblica,2020-02-21,1000,13.3,21.0,30.6,7.1,12.6,2.5,1.7,1.6,2.4,3.9,
Termometro Politico,La7,2020-02-20,3100,15.2,20.4,32.2,5.6,11.2,2.3,1.5,1.5,2.3,4.5,3.3
Index,La7,2020-02-19,800,14.2,20.2,31.1,5.9,11.6,,1.9,2.0,2.3,4.1,2.6
EMG,Rai 3,2020-02-19,2000,14.4,21.5,30.1,6.3,11.9,2.6,1.9,1.7,2.2,5.0,1.6
Euromedia,Rai 1,2020-02-18,800,14.4,20.3,31.0,6.2,11.8,2.3,1.0,1.5,2.7,5.0,3.4
Ixè,Agenzia Dire,2020-02-18,1000,14.9,20.5,27.5,6.9,12.9,3.2,2.8,1.8,1.4,3.0,4.4
Demopolis,,2020-02-18,2000,14.5,20.8,31.0,5.1,12.4,3.2,,,,4.0,9.0
Tecnè,Quarta Repubblica,2020-02-17,1000,13.4,20.8,30.4,7.2,12.5,2.6,1.9,1.8,2.4,3.9,3.1
SWG,La7,2020-02-17,1200,13.0,20.6,32.4,5.1,11.3,2.9,1.9,2.3,3.0,4.2,2.1
Tecnè,Agenzia Dire,2020-02-14,1000,13.5,20.8,30.6,7.3,12.2,2.6,1.9,1.7,2.3,4.0,3.1
Demopolis,,2020-02-13,(1000),14.8,20.2,30.0,6.0,11.0,3.0,,,,4.5,10.5
Termometro Politico,La7,2020-02-13,4000,15.1,20.0,33.1,5.2,11.3,3.1,1.4,1.2,2.0,4.9,3.7
BiDiMedia,,2020-02-13,1589,14.2,20.8,29.8,5.6,11.0,2.3,1.4,2.0,2.3,4.2,5.7
Demos & Pi,La Repubblica,2020-02-13,1019,14.4,20.6,29.2,6.2,13.1,3.6,2.6,,,3.9,6.4
Index,La7,2020-02-12,800,15.0,20.0,30.9,5.9,11.3,3.1,2.0,2.0,2.1,4.1,2.6
Demopolis,La7,2020-02-12,1000,14.8,20.2,30.0,6.0,11.0,,,,,4.5,13.5
EMG,Rai 3,2020-02-12,1518,14.2,21.5,29.9,6.2,11.6,2.6,1.8,1.9,2.5,5.1,1.6
Ixè,Rai 3,2020-02-11,1000,14.9,20.1,28.0,6.7,12.7,3.0,2.8,2.0,1.2,3.2,3.3
SWG,,2020-02-10,1500,14.0,20.7,32.2,5.4,10.8,2.8,2.0,2.1,2.8,4.2,1.8
Tecnè,Agenzia Dire,2020-02-07,1000,13.8,20.4,31.0,7.5,11.9,2.5,1.8,1.8,2.4,3.9,3.0
EMG,Rai 3,2020-02-06,1460,14.1,21.3,30.0,6.1,11.6,2.5,1.8,1.8,2.6,4.2,
Index,,2020-02-06,800,15.2,19.2,31.5,5.9,11.1,,2.0,2.0,2.2,4.2,
Termometro Politico,,2020-02-06,3200,15.6,20.2,32.5,5.8,10.6,3.3,1.4,1.4,2.2,4.3,2.7
Ixè,RTI,2020-02-04,1000,15.2,19.8,28.0,7.0,12.4,2.8,3.0,2.4,1.6,3.2,
SWG,Agenzia Dire,2020-02-03,1500,13.9,19.7,33.3,6.3,10.2,3.1,1.9,2.0,2.6,4.1,
Scenari Politici–Winpoll,,2020-02-02,1000,12.7,22.6,31.8,4.8,11.6,2.3,1.1,1.8,2.6,3.8,
Ipsos,,2020-01-30,1000,14.0,20.3,32.0,6.5,12.0,2.6,1.1,1.5,2.3,4.3,
Tecnè,Agenzia Dire,2020-01-31,1000,14.3,20.2,31.1,7.5,11.7,2.6,1.7,1.8,2.5,3.7,2.9
Piepoli,Rai 2,2020-01-31,500,15.5,20.0,30.5,6.5,10.0,2.0,2.5,1.5,1.0,4.5,
Termometro Politico,La7,2020-01-30,2300,16.0,20.4,33.4,5.4,10.6,2.3,1.8,1.1,1.9,3.7,3.4
Index,,2020-01-29,800,15.4,19.0,31.4,6.0,11.2,3.2,1.9,2.0,2.3,4.0,
EMG,Rai 3,2020-01-29,1589,14.3,21.2,30.1,6.1,11.5,2.5,1.8,1.8,2.7,5.1,2.0
MG Research,Affaritaliani.it,2020-01-28,(807),10.5,25.0,30.5,5.5,11.0,3.0,3.0,,3.5,4.5,3.5
Ixè,Rai 3,2020-01-28,1000,15.9,20.0,28.2,6.9,12.0,2.9,3.2,2.4,1.3,3.6,3.0
SWG,,2020-01-26,1500,14.9,17.5,33.0,6.0,10.6,3.5,2.2,2.1,2.5,4.6,1.7
Tecnè,Agenzia Dire,2020-01-24,1000,15.1,19.4,31.7,7.8,11.0,2.5,1.8,2.0,2.4,3.6,2.7
Index,,2020-01-22,(800),16.0,18.7,31.8,6.5,10.9,2.9,1.7,1.9,2.2,4.2,2.3
Termometro Politico,La7,2020-01-22,2400,15.8,19.1,32.5,6.2,11.1,3.3,1.6,1.3,2.5,3.9,2.1
Ixè,Rai 3,2020-01-21,1000,16.1,19.9,28.7,7.3,11.3,3.1,3.4,1.9,1.4,3.9,2.4
Tecnè,RTI,2020-01-20,1000,15.3,19.5,31.8,7.9,10.8,,,,,,14.7
SWG,La7,2020-01-20,1500,15.6,18.2,33.2,5.2,10.9,3.0,2.0,1.9,2.6,4.5,1.7
Tecnè,Agenzia Dire,2020-01-17,1000,15.3,19.1,32.2,8.0,10.7,2.6,1.7,1.8,2.3,3.7,2.6
Termometro Politico,La7,2020-01-16,2300,15.8,19.4,32.9,5.8,10.6,3.0,1.4,1.4,2.1,4.6,2.3
BiDiMedia,,2020-01-16,1455,16.4,19.0,30.4,6.2,10.1,2.0,1.5,1.6,2.1,4.9,5.1
Index,,2020-01-15,800,15.8,18.9,31.5,6.6,10.5,2.8,1.6,2.0,2.1,4.4,2.9
EMG,Rai 3,2020-01-14,1688,15.6,20.0,30.0,6.7,11.0,2.0,2.1,1.8,2.8,4.6,2.3
Ixè,Rai 3,2020-01-14,1000,15.9,20.0,29.0,7.0,10.9,3.6,2.5,1.6,1.0,4.2,3.5
Euromedia,Rai 1,2020-01-13,800,15.4,18.9,30.2,6.3,10.8,1.8,1.3,2.4,3.0,5.0,4.5
Tecnè,RTI,2020-01-13,1000,15.5,19.3,31.7,8.1,10.8,,,1.7,,3.7,11.0
SWG,La7,2020-01-13,1500,15.2,18.4,32.9,5.8,10.4,3.1,1.6,2.2,2.9,4.8,1.7
Termometro Politico,La7,2020-01-09,3500,16.1,19.1,33.1,6.1,10.7,3.2,1.5,1.2,1.8,4.9,1.9
Tecnè,Agenzia Dire,2020-01-10,1000,15.4,19.3,31.9,8.1,10.6,2.7,1.6,1.7,2.1,3.9,2.7
Piepoli,Rai 2,2020-01-10,505,16.5,19.5,31.0,6.5,10.0,2.0,2.5,1.5,1.5,4.5,4.5
Index,La7,2020-01-09,800,16.0,18.8,31.3,6.7,10.5,2.9,1.6,2.1,2.0,4.3,2.8
Noto Sondaggi,Rai 1,2020-01-08,(1000),17.5,18.5,32.0,7.0,10.0,1.5,1.0,1.0,3.0,3.5,
EMG,Rai 3,2020-01-08,1700,15.9,19.9,30.4,7.0,10.6,2.0,1.9,1.6,2.8,4.5,2.4
Ixè,Rai 3,2020-01-07,1000,16.2,20.0,29.5,7.3,10.7,3.0,2.3,1.3,1.3,3.6,3.8
MG Research,,2019-12-24,807,16.1,19.2,33.1,5.8,10.4,,2.1,,3.1,4.5,5.7
Tecnè,TGcom24,2019-12-23,1000,15.9,19.1,31.8,7.8,10.3,2.7,1.6,1.7,2.4,4.0,2.7
SWG,La7,2019-12-23,1500,15.7,17.0,32.9,5.5,10.5,3.7,1.6,2.0,3.3,4.7,2.1
Tecnè,Agenzia Dire,2019-12-20,1000,16.0,19.1,32.4,7.7,10.4,2.4,1.8,1.5,2.2,4.0,2.5
Termometro Politico,La7,2019-12-19,3000,15.4,18.5,35.2,5.3,10.3,2.2,1.1,1.4,2.4,4.9,2.9
Ipsos,Corriere della Sera,2019-12-19,1000,17.7,18.2,31.5,7.4,10.3,1.7,1.2,1.8,1.5,5.3,3.4
Index,La7,2019-12-18,800,16.0,18.9,31.8,6.8,10.3,2.9,1.5,2.0,2.1,4.4,2.3
Demopolis,Rai 3,2019-12-18,1500,16.4,19.0,31.0,5.8,10.6,3.0,,,,4.5,9.7
EMG,Rai 3,2019-12-18,1623,16.1,19.6,31.2,6.7,10.6,2.0,1.9,1.6,2.3,5.0,2.0
Ixè,Rai 3,2019-12-17,1000,16.0,20.2,29.9,7.0,10.5,3.3,2.5,1.5,1.3,3.6,3.2
Euromedia,Rai 1,2019-12-16,800,15.8,17.3,31.0,6.9,10.7,2.2,1.5,1.8,2.7,5.0,4.5
SWG,La7,2019-12-16,1500,15.7,17.5,32.2,5.7,10.7,3.5,1.4,2.3,3.0,5.1,1.9
Tecnè,Agenzia Dire,2019-12-13,1000,15.8,18.8,33.5,7.9,10.3,2.5,1.7,1.4,2.1,3.8,2.2
BiDiMedia,,2019-12-13,1406,17.0,18.8,31.8,5.8,9.5,1.8,1.6,1.5,2.1,4.8,4.5
Noto Sondaggi,Rai 1,2019-12-12,(1000),17.5,18.0,31.5,6.5,10.5,1.5,1.5,1.0,2.7,3.5,4.1
Tecnè,RTI,2019-12-12,1000,15.7,18.9,33.4,7.9,10.2,2.5,1.7,1.5,2.0,3.9,2.3
Index,La7,2019-12-11,800,16.2,19.2,32.2,6.7,9.8,2.8,1.5,1.9,1.8,4.6,2.2
EMG,Rai 3,2019-12-11,1578,15.7,19.3,32.0,6.7,10.4,1.9,2.0,1.5,2.0,5.2,2.3
Ixè,Rai 3,2019-12-10,1000,16.3,20.8,30.6,7.6,10.6,2.9,2.5,1.2,0.9,3.3,3.3
Tecnè,Rete 4,2019-12-09,1000,15.6,18.6,34.1,8.0,10.3,2.3,1.7,1.4,1.8,4.0,2.2
SWG,La7,2019-12-09,1500,15.5,18.0,33.0,5.3,9.8,3.2,1.5,2.2,3.5,4.6,2.2
Noto Sondaggi,Rai 1,2019-12-06,1000,17.0,18.0,33.0,6.0,9.5,1.0,1.0,1.0,2.5,5.0,4.3
Tecnè,Agenzia Dire,2019-12-06,1000,15.6,18.9,34.7,7.9,10.0,2.4,1.8,1.3,1.5,3.9,2.0
Demos & Pi,La Repubblica,2019-12-06,1276,18.1,18.7,29.5,6.5,11.3,3.2,2.4,,,3.5,6.8
Termometro Politico,La7,2019-12-05,2500,15.5,18.6,34.9,5.5,10.2,2.2,1.6,1.3,1.7,5.3,2.7
Euromedia,Rai 1,2019-12-04,800,15.5,17.5,31.5,7.2,10.3,2.1,1.4,1.3,2.8,5.5,4.5
Index,La7,2019-12-04,800,16.2,19.1,32.7,6.6,9.8,2.6,1.6,1.8,1.6,4.9,2.1
EMG,Rai 3,2019-12-04,1623,16.3,19.5,32.5,6.9,10.1,1.8,1.6,1.2,1.8,5.3,2.1
Ixè,Rai 3,2019-12-03,1000,15.9,20.7,31.2,7.4,11.0,2.7,3.0,1.1,0.7,3.6,2.7
Tecnè,Rete 4,2019-12-02,1000,15.8,19.0,34.7,8.2,9.5,2.2,1.5,1.6,1.2,4.1,2.2
SWG,La7,2019-12-02,1500,15.5,17.7,33.8,5.1,10.0,3.3,1.6,2.0,3.3,4.9,1.8
Tecnè,Agenzia Dire,2019-11-29,1000,15.8,19.1,35.5,8.1,9.4,2.1,1.7,1.4,,4.1,3.0
Termometro Politico,La7,2019-11-28,2000,15.3,18.6,34.6,6.0,10.1,2.1,1.5,1.5,1.8,5.3,2.7
EMG,Rai 3,2019-11-27,1612,16.5,19.7,32.4,7.3,9.9,2.0,1.9,1.3,1.0,5.3,1.7
Index,La7,2019-11-27,800,16.9,19.3,32.8,6.6,9.3,2.6,1.7,2.0,,5.0,3.8
Ipsos,Corriere della Sera,2019-11-27,1000,16.6,18.1,31.9,6.2,10.6,2.0,1.2,2.3,2.3,5.3,3.5
Ixè,Rai 3,2019-11-26,1000,16.4,20.4,31.5,7.4,10.6,2.2,3.0,1.0,,4.5,3.0
Tecnè,Rete 4,2019-11-25,1000,15.9,19.6,34.7,8.1,9.0,2.1,1.6,1.5,1.1,4.4,2.0
SWG,La7,2019-11-25,1500,16.5,18.1,33.1,6.0,10.1,3.1,1.6,2.0,,5.5,2.7
Tecnè,Agenzia Dire,2019-11-22,1000,16.1,19.4,34.5,8.0,9.2,2.1,1.6,1.5,,4.3,3.3
Piepoli,Rai 2,2019-11-22,505,17.5,19.5,31.5,7.5,9.0,2.0,2.0,1.5,1.0,5.0,3.5
Noto Sondaggi,Rai 1,2019-11-21,(1000),19.0,18.0,33.5,6.0,9.0,1.0,1.0,1.0,1.0,5.5,3.3
Termometro Politico,La7,2019-11-21,2400,15.7,18.1,35.6,5.8,9.6,2.1,1.4,1.5,1.4,5.5,2.6
EMG,Rai 3,2019-11-20,1542,16.1,20.0,32.6,7.7,9.5,2.0,2.1,1.3,1.0,5.2,2.5
BiDiMedia,,2019-11-19,1598,17.4,18.6,32.3,5.6,8.9,2.1,1.6,1.7,1.1,5.3,4.4
Ixè,Rai 3,2019-11-19,1000,16.3,21.2,31.9,7.5,9.9,1.7,3.1,1.2,,4.6,2.0
SWG,La7,2019-11-18,1500,16.2,18.3,34.0,6.4,9.5,3.3,1.7,2.3,,5.0,2.2
Tecnè,Agenzia Dire,2019-11-15,1000,16.3,19.3,34.2,8.0,9.3,1.9,1.7,1.3,,4.6,3.4
Index,La7,2019-11-14,(800),16.8,19.5,34.0,6.4,9.0,,1.8,1.9,,4.8,
Termometro Politico,La7,2019-11-13,2200,16.1,18.3,35.2,5.6,9.9,2.0,1.2,1.4,1.4,5.9,2.5
EMG,Rai 3,2019-11-13,1425,16.1,19.5,33.0,7.4,9.8,1.7,1.0,1.2,1.0,5.7,3.0
Ixè,Rai 3,2019-11-12,1000,16.3,21.0,32.6,7.3,9.6,1.8,2.7,1.3,,4.3,2.3
Euromedia,Rai 1,2019-11-11,800,15.8,18.1,33.0,6.8,9.3,1.9,1.1,1.5,1.9,5.8,4.5
Demopolis,Rai 3,2019-11-12,1500,17.2,18.5,34.0,5.6,9.4,2.5,,,,5.8,7.0
Tecnè,Rete 4,2019-11-11,1000,16.9,18.7,34.5,8.1,9.2,1.8,1.8,1.3,1.2,4.5,2.0
Piepoli,Rai 2,2019-11-09,505,17.5,19.0,31.5,7.0,9.0,2.0,2.5,2.0,,4.5,5.0
SWG,La7,2019-11-11,1500,15.8,18.6,34.5,6.2,9.5,3.0,1.5,1.9,,5.6,2.1
Tecnè,Agenzia Dire,2019-11-08,1000,16.8,18.8,34.5,8.1,9.1,1.7,1.8,1.4,,4.5,3.3
IZI,,2019-11-05,(1004),17.9,18.2,28.6,9.5,10.7,,2.7,,,4.9,7.5
Index,La7,2019-11-07,(800),17.4,19.3,33.7,6.4,8.6,2.2,1.8,2.0,,5.0,3.6
Termometro Politico,La7,2019-11-07,2300,15.8,18.5,35.9,5.5,9.3,2.0,1.3,1.5,1.3,5.9,2.4
EMG,Rai 3,2019-11-06,1387,16.3,19.0,34.2,7.2,10.0,1.6,1.8,1.2,1.0,4.9,2.8
Ixè,Rai 3,2019-11-05,1000,17.9,20.1,32.0,7.8,9.5,1.9,2.2,1.5,,3.9,2.3
Piepoli,Rai 2,2019-11-04,(500),18.5,19.5,31.0,7.0,8.5,2.0,2.0,2.0,,4.0,5.5
SWG,La7,2019-11-04,1500,16.8,17.5,34.1,6.2,8.9,3.3,1.8,2.2,,6.0,2.1
Index,La7,2019-10-31,800,17.8,19.2,33.5,6.3,8.6,2.2,1.8,2.0,,5.1,3.5
Ipsos,Corriere della Sera,2019-10-31,1000,17.9,17.2,34.3,6.2,9.8,1.7,1.0,2.2,,6.2,3.5
Demopolis,Rai 3,2019-10-31,1500,18.0,19.0,33.0,6.0,9.0,2.5,,,,5.8,6.7
EMG,Rai 3,2019-10-30,1489,16.8,19.3,33.0,7.4,9.4,1.8,2.2,1.4,1.0,4.7,3.0
Tecnè,,2019-10-30,1000,17.5,19.3,34.4,8.2,8.5,1.7,1.8,1.6,1.0,4.2,1.8
Ixè,Rai 3,2019-10-29,1000,19.2,19.5,30.9,7.7,9.5,2.0,2.0,1.6,,3.7,2.9
Tecnè,Rete 4,2019-10-27,1000,17.7,19.2,34.4,8.1,8.6,1.6,1.9,1.5,1.0,4.1,1.9
SWG,La7,2019-10-27,1500,18.2,18.0,33.6,5.5,9.0,3.2,1.6,2.1,,5.2,2.0
Tecnè,Agenzia Dire,2019-10-25,1000,18.0,19.3,33.2,8.2,8.4,1.9,1.9,1.6,,4.3,3.2
Index,La7,2019-10-24,800,18.8,19.5,33.2,6.2,8.2,2.1,1.8,1.9,,5.3,3.0
Termometro Politico,La7,2019-10-24,2300,17.1,18.9,35.2,5.6,8.2,1.9,1.2,1.5,1.3,5.6,3.0
Scenari Politici–Winpoll,,2019-10-24,1500,14.7,20.6,34.0,6.2,7.7,2.0,1.3,1.6,,6.6,5.2
EMG,Rai 3,2019-10-23,1578,17.5,19.4,33.6,7.0,8.2,2.1,2.2,1.0,1.0,4.3,3.7
Noto Sondaggi,Rai 1,2019-10-22,(1000),18.5,18.6,32.5,6.9,8.0,1.2,1.1,1.4,0.7,6.0,3.4
Ixè,Rai 3,2019-10-22,1000,20.8,19.8,30.5,8.1,8.7,1.8,2.1,1.9,,3.5,1.8
Tecnè,Rete 4,2019-10-21,1000,18.5,19.4,33.0,8.0,8.2,1.7,1.8,1.6,1.1,4.8,1.9
SWG,La7,2019-10-21,1500,17.8,18.8,34.0,5.5,8.4,2.8,1.8,1.9,,5.6,2.1
Tecnè,Agenzia Dire,2019-10-18,1000,19.8,20.2,31.6,7.8,7.8,1.8,2.0,1.7,,4.1,3.2
Index,La7,2019-10-17,(800),19.0,19.8,32.7,6.0,7.5,2.0,2.0,2.0,,5.2,3.8
Euromedia,Rai 1,2019-10-17,800,18.3,18.5,31.8,7.0,8.0,2.1,2.0,1.4,1.4,5.5,3.8
EMG,Rai 3,2019-10-17,1534,19.2,19.7,31.8,7.1,7.8,1.6,2.4,1.2,1.2,4.1,3.9
Termometro Politico,La7,2019-10-17,1600,17.7,19.2,34.8,5.5,7.8,2.0,1.3,2.0,1.4,5.2,2.5
Ixè,Rai 3,2019-10-15,1000,19.7,20.4,30.7,7.8,8.2,2.0,2.5,1.4,,4.0,2.2
Tecnè,Rete 4,2019-10-14,1000,19.8,20.4,31.5,7.8,7.7,1.6,1.8,2.0,1.3,4.3,1.8
SWG,La7,2019-10-14,1500,18.6,19.4,33.2,5.1,7.6,3.1,1.9,1.9,,5.3,2.3
Tecnè,Agenzia Dire,2019-10-11,1000,20.0,20.7,31.2,7.7,7.6,1.7,1.9,1.9,,4.0,3.3
Demopolis,Rai 3,2019-10-11,1000,20.0,19.2,32.0,6.2,7.5,2.5,,,,5.3,7.3
Noto Sondaggi,Rai 1,2019-10-10,(1000),19.0,19.0,31.0,6.5,7.5,1.4,1.5,1.5,0.5,6.0,4.4
Termometro Politico,La7,2019-10-10,1600,18.2,19.4,34.1,5.3,8.1,2.0,1.3,2.1,1.4,4.9,2.7
Index,La7,2019-10-09,800,18.8,20.1,32.3,6.0,7.4,2.0,2.1,2.0,,4.7,4.6
EMG,Rai 3,2019-10-09,1624,18.7,19.2,32.7,7.0,7.8,1.7,2.0,1.6,1.3,4.5,3.5
BiDiMedia,,2019-10-09,1438,19.2,19.5,30.6,5.5,8.0,1.8,1.5,2.0,1.0,5.0,4.6
Euromedia,Rai 1,2019-10-08,800,19.3,17.8,32.0,7.1,7.7,2.0,1.6,1.4,1.5,5.5,3.7
Ixè,Rai 3,2019-10-08,1000,20.2,21.9,30.0,7.2,8.6,2.1,2.9,1.6,,3.5,2.0
Ipsos,La7,2019-10-07,600,19.6,20.1,31.2,6.9,8.5,2.5,1.2,,,4.2,5.8
Piepoli,Rai 1,2019-10-05,(500),19.5,20.5,30.0,6.5,7.0,2.0,2.5,2.0,,3.5,6.0
Tecnè,Rete 4,2019-10-07,1000,20.1,20.3,30.8,7.9,8.0,1.5,1.9,2.1,1.3,4.2,1.3
SWG,La7,2019-10-07,1500,18.5,20.0,32.3,5.0,7.1,3.3,1.8,2.3,,5.6,2.5
Tecnè,Agenzia Dire,2019-10-04,1000,19.8,19.7,31.4,8.0,7.8,1.6,1.8,2.0,,4.5,3.4
Index,La7,2019-10-03,800,19.4,20.3,32.5,6.0,7.3,2.0,2.3,2.0,1.0,4.5,2.7
Demos & Pi,La Repubblica,2019-10-03,1265,20.6,19.1,30.2,6.1,8.6,2.4,2.1,2.2,,3.9,4.8
EMG,Rai 3,2019-10-02,1754,19.0,19.7,32.6,7.4,7.6,1.8,2.2,1.5,,4.5,3.7
Ixè,Rai 3,2019-10-01,1000,21.0,21.6,29.7,6.9,8.6,2.3,2.3,1.5,,3.9,2.2
SWG,La7,2019-09-30,1500,19.6,19.4,32.8,5.0,7.3,3.6,1.6,2.0,,4.9,2.1
Tecnè,Rete 4,2019-09-30,1000,20.2,19.7,31.4,7.9,7.7,1.7,1.8,1.9,1.1,4.6,1.3
GPF,La Notizia,2019-09-27,811,24.2,20.1,29.1,6.0,7.0,1.2,2.5,,1.8,4.4,2.8
Termometro Politico,La7,2019-09-26,2400,17.4,18.6,35.3,5.4,8.2,1.6,1.3,2.0,1.2,5.5,3.0
EMG,Rai 3,2019-09-25,1785,18.7,20.3,32.2,6.8,7.3,2.1,2.6,1.6,1.1,4.3,3.0
Tecnè,Agenzia Dire,2019-09-27,800,20.0,19.8,31.9,7.8,7.5,1.8,2.0,1.7,,4.3,3.2
Ipsos,Corriere della Sera,2019-09-26,1000,20.8,19.5,30.8,7.0,8.9,2.8,1.6,,,4.8,3.8
Noto Sondaggi,,2019-09-25,(1000),19.5,20.0,33.0,6.0,7.0,2.0,1.5,1.5,1.0,4.5,2.5
Ixè,Rai 3,2019-09-24,1000,21.5,21.8,29.9,6.5,8.6,2.7,2.7,2.0,,2.9,1.4
SWG,La7,2019-09-23,1500,20.0,19.4,33.6,5.1,6.7,2.3,1.7,2.0,,5.4,1.8
Piepoli,Rai 1,2019-09-22,505,19.0,20.0,30.5,7.0,6.5,2.0,3.0,2.0,,4.0,6.0
Tecnè,Rete 4,2019-09-23,1000,20.4,19.5,32.0,7.9,7.5,1.8,2.0,1.6,1.0,4.3,1.3
Tecnè,,2019-09-20,800,20.5,19.4,32.9,8.0,7.3,2.1,2.2,1.3,,3.6,2.7
IZI,,2019-09-20,1004,22.5,19.5,29.0,7.0,8.0,,,,,5.5,8.5
Quorum,Sky Tg24,2019-09-20,1000,18.0,21.2,31.3,6.9,7.8,3.1,2.7,,,3.6,4.6
Index,La7,2019-09-19,800,19.8,20.5,33.0,6.0,7.0,2.0,2.5,1.8,,3.5,3.9
Scenari Politici–Winpoll,Il Sole 24 Ore,2019-09-20,1500,15.1,20.7,33.5,5.7,8.5,2.8,1.2,1.4,,6.4,4.7
Euromedia,Rai 1,2019-09-18,800,19.2,17.6,32.1,6.5,7.0,2.4,1.8,1.1,1.6,5.0,4.5
Demopolis,Rai 3,2019-09-19,1500,20.5,19.4,33.0,6.0,7.0,,,,,5.2,8.9
Tecnè,Rete 4,2019-09-19,1000,20.5,19.4,33.0,7.9,7.2,2.0,2.3,1.3,0.7,3.6,1.4
Termometro Politico,La7,2019-09-19,2000,18.5,19.5,36.1,5.2,8.4,1.6,1.2,1.0,1.5,3.6,2.7
BiDiMedia,,2019-09-18,1548,20.0,22.4,30.3,6.0,7.3,2.0,2.3,1.8,,,7.9
EMG,Rai 3,2019-09-17,1805,18.5,20.2,33.1,7.0,7.3,2.0,2.7,1.5,1.1,3.4,2.0
Ixè,Rai 3,2019-09-17,1000,21.9,21.6,29.9,7.4,8.3,3.2,4.0,1.6,,,2.1
Tecnè,Rete 4,2019-09-16,1000,20.7,23.3,32.3,7.9,7.3,2.0,2.6,1.3,,,2.6
SWG,La7,2019-09-16,1500,20.5,21.5,34.0,5.9,7.0,2.2,2.4,2.3,,,2.2
Tecnè,Rete 4,2019-09-12,800,21.1,23.6,31.3,8.1,7.3,2.1,2.6,1.3,,,2.6
Termometro Politico,La7,2019-09-12,3000,19.8,23.0,34.9,5.1,7.9,1.7,1.2,1.7,1.8,,2.3
Demos & Pi,La Repubblica,2019-09-12,1006,20.8,22.3,32.5,6.5,7.4,3.1,2.5,,,,4.9
Scenari Politici–Winpoll,Il Sole 24 Ore,2019-09-12,1500,15.5,23.3,34.0,6.8,8.9,3.1,2.4,2.0,,,4.0
EMG,Rai 3,2019-09-10,1865,19.7,23.0,33.3,7.8,7.0,1.8,2.6,1.2,,,3.6
Ixè,Rai 3,2019-09-10,1000,22.0,22.6,30.0,7.4,7.9,2.5,4.2,1.4,,,2.0
Demopolis,Rai 3,2019-09-10,1500,21.8,23.2,32.5,6.5,7.0,3.0,,,,,6.0
Noto Sondaggi,,2019-09-10,(1000),19.0,22.5,34.0,5.5,7.0,2.0,2.0,1.5,2.5,,2.5
Euromedia,,2019-09-10,800,19.7,20.6,33.9,6.6,6.4,2.9,2.7,0.9,1.4,,3.5
Piepoli,Rai 1,2019-09-09,(500),20.5,24.0,30.0,7.0,6.5,,3.5,,,,8.5
SWG,La7,2019-09-09,1500,21.0,22.1,33.4,5.2,7.2,2.3,2.6,2.2,,,1.7
Noto Sondaggi,Quotidiano Nazionale,2019-09-06,(1000),20.0,23.0,35.0,6.5,7.0,2.0,2.0,1.5,,,3.0
Tecnè,Rete 4,2019-09-05,1000,21.7,24.4,30.7,7.9,7.0,1.7,2.7,,,,3.9
GPF,La Notizia,2019-09-05,1002,24.3,23.9,30.3,6.1,6.6,1.3,2.8,,,,4.7
Demopolis,Rai 3,2019-09-05,1500,22.0,23.0,32.0,6.7,6.8,3.0,,,,,6.5
Ixè,Rai 3,2019-09-03,1000,22.3,23.0,30.1,7.0,7.4,2.4,4.0,,,,3.8
Tecnè,Rete 4,2019-09-02,1000,21.5,24.6,31.0,7.8,7.0,,,,,,8.1
SWG,La7,2019-09-02,1500,21.4,21.1,32.6,6.2,6.9,2.7,3.0,,,,5.1
Piepoli,La Stampa,2019-08-27,505,16.5,23.5,32.0,7.5,6.0,,3.5,,,,11.0
BiDiMedia,,2019-08-28,1693,19.2,24.2,32.5,6.2,7.7,2.1,2.7,,,,5.4
Ipsos,Corriere della Sera,2019-08-29,998,24.2,22.3,31.8,6.0,7.8,2.5,2.2,,,,3.2
Quorum,Sky Tg24,2019-08-30,1000,18.6,22.3,31.9,6.8,8.8,2.9,4.1,,,,4.6
Demopolis,,2019-08-25,3002,19.0,23.0,33.0,6.2,6.8,,,,,,12.0
Scenari Politici–Winpoll,Il Sole 24 Ore,2019-08-23,1500,16.6,24.0,33.7,6.6,8.3,2.3,3.2,,,,4.3
Termometro Politico,La7,2019-08-23,3000,17.8,24.1,36.6,5.8,7.0,1.8,2.1,,,,4.8
Tecnè,,2019-08-21,1000,20.8,24.6,31.3,8.3,6.7,1.4,2.5,,,,4.4
IZI,,2019-08-21,1008,16.0,23.5,36.0,6.4,8.1,,2.0,,,,8.0
GPF,,2019-08-21,609,23.1,23.5,31.2,5.9,6.7,1.0,2.9,,,,3.6
GPF,,2019-08-12,802,23.7,22.8,32.1,6.1,6.6,0.8,2.8,,,,5.1
Termometro Politico,La7,2019-08-10,2500,18.2,23.4,36.1,6.0,7.1,1.8,2.3,,,,5.1
Noto Sondaggi,,2019-08-09,(1000),16.5,23.0,38.0,6.5,8.0,,,,,,8.0
Tecnè,Dire,2019-08-05,1000,17.5,22.4,38.0,8.0,6.0,1.4,2.4,,,,4.3
Termometro Politico,,2019-08-02,1700,17.0,22.6,37.5,6.2,6.9,2.0,2.2,,,,5.6
Tecnè,Dire,2019-08-01,1000,17.6,22.5,37.7,8.1,6.0,1.6,2.4,,,,4.1
Ipsos,Corriere della Sera,2019-07-31,1000,17.8,20.5,36.0,7.1,7.5,2.0,3.5,,,,5.6
Scenari Politici–Winpoll,Il Sole 24 Ore,2019-07-30,1500,14.8,23.3,38.9,6.7,7.4,1.9,2.3,,,,4.7
SWG,La7,2019-07-29,1500,17.3,22.0,38.0,6.5,6.6,2.1,2.7,,,,4.8
Tecnè,Dire,2019-07-25,1000,17.5,22.7,38.1,7.8,6.3,1.4,2.5,,,,3.7
Demopolis,La7,2019-07-24,1500,18.0,22.5,36.0,6.8,6.7,,,,,,10.0
Euromedia,,2019-07-22,1000,18.0,20.0,36.0,8.1,6.1,2.3,3.3,,,,6.2
SWG,La7,2019-07-22,1500,18.5,21.5,37.8,6.6,6.3,2.0,2.8,,,,4.5
Termometro Politico,,2019-07-18,1400,17.1,23.1,37.9,6.2,6.8,1.8,2.1,,,,5.0
Ipsos,Corriere della Sera,2019-07-18,1000,17.4,21.6,35.9,8.2,6.0,1.8,3.5,,,,5.6
GPF,La Notizia,2019-07-18,919,24.2,22.8,33.1,7.0,6.1,0.4,2.5,,,,4.0
Tecnè,Rete 4,2019-07-18,1000,17.3,23.6,37.0,8.0,6.6,1.5,2.4,,,,3.6
Piepoli,Rai 1,2019-07-15,500,17.5,23.5,36.0,8.0,5.5,,,,,,9.5
SWG,LA7,2019-07-15,1500,17.9,22.0,37.7,7.0,6.4,1.8,3.0,,,,4.2
Termometro Politico,,2019-07-12,1300,17.1,22.6,37.9,6.3,7.0,1.7,2.3,,,,5.1
Tecnè,Rete 4,2019-07-11,1000,17.2,23.5,37.1,7.9,6.8,1.4,2.3,,,,3.6
Demos & Pi,,2019-07-10,1017,17.6,22.5,35.3,7.0,6.2,2.0,3.5,,,,5.9
GPF,Rete 4,2019-07-10,807,23.7,22.3,33.7,7.1,5.9,0.4,2.7,,,,3.6
Tecnè,Rete 4,2019-07-08,1000,16.9,23.4,37.8,7.7,6.9,,,,,,7.3
SWG,La7,2019-07-08,1500,17.4,22.7,37.5,6.8,6.6,1.7,2.9,,,,4.4
Noto Sondaggi,Quotidiano Nazionale,2019-07-05,1000,17.0,24.0,38.0,6.5,8.0,1.5,1.5,,,,3.5
Eumetra,Affari Italiani,2019-07-05,,19.0,24.0,37.5,8.0,6.5,,,,,,5.0
BiDiMedia,,2019-07-04,1698,18.1,23.5,35.0,6.3,6.8,1.9,2.7,,,,5.7
Termometro Politico,La7,2019-07-04,1700,18.0,22.9,37.0,6.7,7.0,1.4,1.8,,,,5.2
SWG,La7,2019-07-01,1500,17.2,22.6,38.0,6.5,6.4,1.5,2.8,,,,5.0
EMG,Rai 3,2019-06-27,1845,19.0,23.8,36.4,8.5,6.7,2.0,2.9,,,,2.5
Ipsos,Corriere della Sera,2019-06-26,1000,17.5,25.0,36.0,7.5,8.0,1.0,2.0,,,,3.0
Noto Sondaggi,Rai 3,2019-06-26,(1000),17.5,25.0,36.0,7.5,8.0,1.0,2.0,,,,2.5
Tecnè,Rete 4,2019-06-24,1000,17.0,23.4,35.5,9.1,6.6,,,,,,8.4
SWG,La7,2019-06-24,1500,18.0,22.6,37.3,6.6,6.5,1.6,2.8,,,,4.6
Demopolis,La7,2019-06-20,1500,18.5,22.0,35.2,7.0,6.8,,,,,,10.5
Noto Sondaggi,Rai 3,2019-06-18,(1000),17.5,24.0,35.0,7.5,7.5,1.5,2.5,,,,4.5
EMG,Rai 3,2019-06-18,1815,17.9,24.4,35.0,8.0,7.0,2.0,2.7,,,,3.0
SWG,LA7,2019-06-17,1500,18.3,22.5,37.0,6.6,6.7,1.7,2.7,,,,4.5
Index,LA7,2019-06-13,800,19.2,22.6,34.5,6.7,6.8,1.7,3.0,,,,4.5
EMG,Rai 3,2019-06-11,1735,18.0,23.9,35.2,8.6,6.7,1.9,2.5,,,,3.2
Noto Sondaggi,Rai 3,2019-06-10,(1000),18.0,24.0,35.0,8.0,7.5,1.5,2.5,,,,3.5
Euromedia,Rai 1,2019-06-10,800,18.0,23.5,35.1,7.0,6.3,2.3,3.5,,,,4.3
Piepoli,Rai 1,2019-06-10,505,17.0,23.5,35.0,8.0,6.0,2.0,3.0,,,,5.5
Tecnè,Rete 4,2019-06-10,1000,16.9,23.6,36.0,8.7,6.7,,,,,,8.1
SWG,La7,2019-06-10,1500,18.4,22.8,37.3,6.3,6.3,1.5,2.8,,,,4.6
Termometro Politico,,2019-06-09,1700,18.0,23.1,35.3,6.2,7.2,1.2,2.6,,,,6.4
Index,La7,2019-06-07,800,18.9,23.3,34.0,6.9,7.0,,3.1,,,,
Scenari Politici–Winpoll,,2019-05-29,1500,16.5,23.8,36.3,7.9,6.8,1.4,2.7,,,,4.6
Piepoli,Rai 1,2019-05-30,1000,17.0,23.0,35.0,9.0,6.0,2.0,3.0,,,,5.0
EMG,Affari Internazionali,2019-06-01,1600,19.0,24.0,34.0,8.0,6.0,2.0,3.0,,,,3.5
SWG,LA7,2019-06-03,1500,17.5,23.5,36.5,6.9,6.6,1.7,2.7,,,,4.6
Tecnè,Rete 4,2019-06-03,1000,16.8,23.9,35.8,9.2,6.8,,,,,,7.5
Scenari Politici–Winpoll,,2019-05-09,1500,22.7,22.1,33.8,7.8,5.8,2.1,2.4,,,,3.3
Demopolis,,2019-05-09,2000,23.0,22.2,31.0,8.4,5.5,2.8,3.2,,,,3.9
Ixè,,2019-05-09,1000,20.5,20.1,30.5,9.6,5.2,3.4,4.0,,,,6.1
Ixè,,2019-05-09,1000,20.5,20.1,30.5,9.6,5.2,3.4,4.0,,,,6.7
CISE,,2019-05-06,6000,23.1,21.6,27.3,11.7,4.6,,4.2,,,,7.5
CISE,,2019-05-06,6000,23.5,20.4,30.8,11.0,4.6,2.3,4.9,,,,2.4
BiDiMedia,,2019-05-08,1455,22.4,21.1,32.2,9.0,4.7,2.5,3.0,,,,5.0
Ipsos,Corriere della Sera,2019-04-08,1000,24.9,20.5,30.9,7.8,5.7,2.1,3.2,,,,4.9
Piepoli,Rai 1,2019-05-08,503,22.0,21.0,30.5,10.0,5.0,2.0,3.5,,,,6.0
Euromedia,Rai 1,2019-05-09,800,21.5,21.9,29.6,10.1,5.3,2.0,3.5,,,,6.1
Termometro Politico,,2019-05-09,6000,23.0,21.8,30.6,9.5,5.8,1.9,2.8,,,,5.4
Index,La7,2019-05-08,800,22.3,21.1,32.4,9.2,5.0,2.7,3.1,,,,2.9
Demos & Pi,,2019-05-08,1007,22.6,20.4,32.2,9.5,4.7,3.1,4.1,,,,3.4
SWG,La7,2019-05-07,1642,23.3,21.2,32.2,10.3,5.0,2.6,2.8,,,,2.4
Noto Sondaggi,Rai 3,2019-05-07,(1000),21.0,21.0,32.0,9.0,5.5,2.0,3.5,,,,6.0
Demopolis,,2019-05-07,1500,23.0,22.0,31.0,8.5,4.8,,,,,,13.7
Demopolis,,2019-05-07,1500,24.5,19.0,29.0,9.0,5.6,2.8,3.0,,,,4.1
Tecnè,,2019-05-06,1509,22.0,21.0,31.0,10.5,5.0,3.5,3.5,,,,7.0
SWG,La7,2019-05-06,1500,22.7,22.2,30.7,9.1,4.6,,2.7,,,,8.0
Quorum,Sky TG 24,2019-05-03,1000,22.2,21.4,32.1,9.5,5.3,,2.3,,,,7.2
Termometro Politico,,2019-04-30,2000,23.5,21.8,31.1,9.2,5.7,,2.8,,,,5.9
Piepoli,Rai 1,2019-04-30,504,22.0,20.5,32.4,10.0,5.5,,3.5,,,,7.5
Euromedia,Rai 1,2019-04-30,800,20.6,20.3,33.0,10.3,5.3,,3.8,,,,7.3
Index,La7,2019-04-30,800,22.0,20.5,32.8,9.3,5.0,4.4,3.1,,,,2.9
Noto Sondaggi,Rai 3,2019-04-30,(1000),20.0,22.0,32.0,8.5,6.0,,3.0,,,,8.5
Tecnè,,2019-04-29,1000,21.5,21.4,31.2,12.2,5.2,,,,,,7.7
Tecnè,,2019-04-29,1000,22.3,21.4,32.0,11.6,4.9,,,,,,8.9
SWG,La7,2019-04-29,1500,21.8,22.5,31.6,8.8,5.0,,3.1,,,,
EMG,Rai 3,2019-04-27,1536,22.9,21.9,32.2,10.1,5.1,2.5,3.0,,,,2.3
EMG,Rai 3,2019-04-23,1525,23.1,22.6,31.3,10.2,5.4,2.8,3.0,,,,1.6
Noto Sondaggi,Rai 3,2019-04-23,(1000),20.0,21.0,33.5,8.5,6.0,,3.0,,,,
Demopolis,,2019-04-23,1500,22.0,21.0,33.0,8.0,5.0,,,,,,11.0
Demopolis,,2019-04-23,1500,23.5,20.0,31.0,9.3,5.2,,,,,,12.0
Scenari Politici–Winpoll,Sole 24 Ore,2019-04-23,1500,20.1,20.5,36.4,8.7,5.4,,3.1,,,,5.8
SWG,La7,2019-04-23,1500,20.5,21.0,32.3,8.4,4.8,,3.0,,,,7.2
Termometro Politico,,2019-04-22,1000,23.5,22.0,31.5,9.1,5.7,2.1,2.9,,,,2.3
Ipsos,Corriere della Sera,2019-04-20,(997),22.3,18.7,36.9,8.7,4.6,2.1,3.0,,,,3.7
Tecnè,TGcom24,2019-04-18,1000,22.0,20.6,32.0,11.6,4.9,,,,,,8.9
Index,La7,2019-04-17,800,21.7,19.8,32.9,9.2,4.8,4.4,3.1,,,,4.1
EMG,Rai 3,2019-04-16,1794,22.6,21.8,32.1,9.5,4.9,2.9,2.9,,,,3.3
Piepoli,Rai 1,2019-04-16,503,22.5,20.5,31.0,10.5,5.5,3.5,3.0,,,,3.0
Euromedia,Rai 1,2019-04-16,800,20.8,19.5,33.0,10.6,5.5,3.0,3.8,,,,3.8
Noto Sondaggi,Rai 3,2019-04-16,(1000),20.0,21.0,33.5,9.0,6.0,3.0,3.5,,,,4.0
SWG,La7,2019-04-15,1500,22.5,21.5,32.3,8.9,4.8,2.9,3.3,,,,3.8
Quorum,Sky TG 24,2019-04-12,1000,22.3,21.1,33.2,9.9,5.1,2.7,2.0,,,,3.7
Termometro Politico,,2019-04-10,1500,22.6,21.7,32.0,9.8,5.6,2.3,3.0,,,,3.0
EMG,Rai 3,2019-04-09,1845,21.5,22.3,31.4,10.1,4.8,,2.9,,,,6.5
Noto Sondaggi,Rai 3,2019-04-09,(1000),20.0,21.0,32.5,9.5,5.5,1.5,3.0,,,,5.5
Tecnè,Quarta Repubblica,2019-04-08,1000,21.4,20.0,31.9,12.3,4.7,,,,,,9.7
Scenari Politici–Winpoll,,2019-04-08,1500,20.5,20.9,35.7,9.5,4.3,1.7,2.8,,,,3.2
SWG,La7,2019-04-08,1500,22.0,22.1,31.8,8.9,4.9,2.9,3.1,,,,3.2
Ipsos,Corriere della Sera,2019-04-04,1000,23.3,19.0,35.7,9.9,4.0,2.0,3.1,,,,3.0
Index,La7,2019-04-04,800,21.1,20.8,33.6,9.3,4.6,3.2,2.8,,,,3.1
Piepoli,Rai 1,2019-04-03,504,22.5,20.0,30.5,10.5,5.0,3.0,3.0,,,,5.0
Euromedia,Rai 1,2019-04-03,800,19.4,20.1,31.4,11.1,5.4,3.9,3.8,,,,4.9
Termometro Politico,,2019-04-03,4000,21.3,21.6,31.9,9.1,4.6,3.6,3.2,,,,3.6
EMG,Rai 3,2019-04-02,1725,22.7,21.1,31.9,9.3,4.7,,2.9,,,,5.2
Noto Sondaggi,Rai 3,2019-04-02,(1000),20.5,21.0,32.0,10.5,5.0,1.5,3.5,,,,4.5
Tecnè,Quarta Repubblica,2019-04-01,1000,21.0,20.1,31.9,12.1,4.6,,,,,,10.3
Ixè,,2019-03-01,1000,19.1,22.6,31.2,8.7,4.9,3.2,2.5,,,,5.9
SWG,La7,2019-04-01,1500,22.2,20.8,32.9,9.0,4.6,1.0,2.9,,,,5.3
Quorum,Sky TG 24,2019-03-30,1000,22.7,20.5,32.1,10.0,5.3,3.4,2.7,,,,3.3
Tecnè,TGcom24,2019-03-28,1002,21.0,20.2,32.0,11.8,4.7,,,,,,10.3
Index,LA7,2019-03-27,800,20.6,21.1,34.5,9.1,4.5,2.9,2.7,,,,2.9
Demopolis,,2019-03-27,1500,22.0,21.0,32.0,9.0,4.0,,,,,,12.0
EMG,Rai 3,2019-03-26,1865,22.9,21.1,31.8,9.5,4.9,,3.0,,,,4.6
Noto Sondaggi,Rai 3,2019-03-26,(1000),21.0,21.0,32.0,11.0,4.5,2.0,3.5,,,,3.5
Scenari Politici–Winpoll,,2019-03-25,1500,20.3,21.2,35.8,9.2,4.1,1.5,3.1,,,,3.2
SWG,La7,2019-03-25,1500,21.3,21.0,33.4,8.7,4.7,2.3,2.9,,,,3.5
Piepoli,Rai 1,2019-03-21,(500),23.0,20.0,31.0,11.5,4.5,2.0,3.0,,,,4.5
Euromedia,Rai 1,2019-03-21,800,19.8,20.7,33.1,11.4,4.7,2.2,3.6,,,,4.5
Tecnè,Rete 4,2019-03-21,1000,19.9,21.0,33.1,11.7,4.5,,,,,,9.8
Index,La7,2019-03-20,800,20.4,21.2,34.8,9.0,4.4,2.8,2.7,,,,3.0
EMG,Rai 3,2019-03-19,1785,23.4,21.0,30.9,10.0,4.8,,3.0,,,,4.7
Noto Sondaggi,Rai 3,2019-03-19,(1000),21.0,21.0,32.5,11.0,4.5,1.5,3.5,,,,3.5
SWG,La7,2019-03-18,1500,21.0,21.1,33.9,8.6,4.4,2.4,3.0,,,,3.6
Tecnè,Quarta Repubblica and Rete 4,2019-03-18,1000,21.8,20.4,31.2,11.9,4.4,,,,,,10.3
Index,La7,2019-03-13,800,21.3,20.1,34.6,9.1,4.3,2.9,2.7,,,,3.3
Demopolis,,2019-03-13,1500,22.8,20.2,33.0,8.8,3.6,,,,,,11.6
Demos & Pi,La Repubblica,2019-03-13,1005,23.2,19.0,34.4,9.6,4.2,2.6,2.5,,,,4.5
EMG,Rai 3,2019-03-12,1845,23.8,19.9,30.6,9.8,4.9,,3.1,,,,5.7
Noto Sondaggi,Rai 3,2019-03-12,(1000),21.0,21.0,32.5,11.5,4.0,1.5,3.5,,,,3.5
Piepoli,,2019-03-12,500,24.5,19.0,31.5,11.0,4.0,2.5,3.5,,,,3.5
SWG,La7,2019-03-11,1500,21.8,20.3,33.7,8.9,4.1,2.6,2.8,,,,3.9
Tecnè,Forza Italia,2019-03-07,2000,22.2,20.3,31.2,12.5,4.2,,3.3,,,,6.3
Index,LA7,2019-03-06,800,21.7,18.9,34.6,9.0,4.5,3.3,2.8,,,,3.4
EMG,Rai 3,2019-03-05,1803,23.2,19.3,31.2,10.2,4.8,,3.1,,,,6.2
Noto Sondaggi,Rai 3,2019-03-05,(1000),21.0,20.0,33.0,11.0,4.0,1.5,3.5,,,,4.5
Tecnè,Quarta Repubblica,2019-03-04,1003,21.8,18.8,32.5,12.0,4.6,,,,,,10.3
SWG,La7,2019-03-04,1500,22.1,19.8,33.4,8.8,4.4,2.4,3.0,,,,4.1
Scenari Politici–Winpoll,,2019-03-03,1500,21.6,20.3,35.4,8.8,3.8,1.9,3.2,,,,3.3
Tecnè,,2019-02-28,1000,22.0,18.3,32.5,12.1,4.7,,,,,,10.4
Ipsos,Corriere della Sera,2019-02-28,1000,21.2,18.5,35.9,8.6,4.0,2.4,4.0,,,,4.9
Index,La7,2019-02-27,800,22.1,18.0,34.5,9.1,4.5,3.5,3.0,,,,3.3
BiDiMedia,,2019-02-27,1084,22.7,18.9,32.3,9.5,4.0,2.5,2.6,,,,5.2
EMG,Rai 3,2019-02-26,1603,23.8,18.2,31.2,10.7,5.0,,3.0,,,,5.9
Piepoli,Rai 1,2019-02-25,505,25.0,18.5,31.5,11.0,4.5,1.5,3.5,,,,4.0
Euromedia,Rai 1,2019-02-25,800,21.8,18.6,34.6,11.0,4.7,1.9,3.7,,,,3.7
SWG,La7,2019-02-25,1500,22.6,18.5,33.2,8.7,4.3,3.0,3.1,,,,4.3
Index,La7,2019-02-20,800,22.2,17.5,34.7,8.7,4.5,3.6,2.8,,,,3.8
EMG,Rai 3,2019-02-19,1802,24.8,17.9,30.7,10.3,5.2,,3.0,,,,5.8
Noto Sondaggi,Rai 3,2019-02-19,(1000),21.0,18.0,35.0,11.0,4.0,2.0,3.5,,,,4.0
Tecnè,Quarta Repubblica,2019-02-18,1000,23.2,16.9,33.0,12.0,4.4,,,,,,10.5
SWG,LA7,2019-02-18,1500,22.1,18.6,33.5,9.0,4.5,2.9,2.9,,,,4.3
Scenari Politici–Winpoll,,2019-02-17,1500,23.2,18.7,36.2,9.0,3.4,1.8,2.8,,,,3.3
Quorum,Sky TG 24,2019-02-15,1003,24.3,18.0,32.9,10.3,5.1,,,,,,9.4
Index,La7,2019-02-13,800,22.3,17.3,34.5,8.3,4.6,3.5,2.9,,,,4.3
Demopolis,,2019-02-13,1500,25.2,17.5,33.0,8.6,3.4,,,,,,12.3
Piepoli,Rai 1,2019-02-12,500,27.0,17.5,30.5,10.0,5.0,3.5,2.5,,,,3.5
Euromedia,Rai 1,2019-02-12,800,24.0,16.8,34.4,10.5,4.6,3.4,3.3,,,,2.7
Noto Sondaggi,Rai 3,2019-02-12,(1000),22.0,19.0,34.0,10.0,4.5,2.0,3.5,,,,3.0
EMG,Rai 3,2019-02-12,(1469),24.6,18.0,31.4,9.5,4.9,,3.0,,,,5.9
SWG,La7,2019-02-11,1500,23.3,17.5,33.8,8.5,4.6,2.7,3.1,,,,4.1
Ipsos,Corriere della Sera,2019-02-07,1000,25.4,16.1,34.4,8.1,3.6,2.2,4.2,,,,5.2
Tecnè,Forza Italia,2019-02-07,16000,25.1,16.7,31.9,11.7,4.5,,3.1,,,,7.0
Index,La7,2019-02-06,800,23.3,17.2,34.2,8.1,4.3,3.0,2.8,,,,4.9
BiDiMedia,,2019-02-06,1113,24.9,18.7,31.3,9.0,3.5,2.6,2.4,,,,5.3
EMG,Rai 3,2019-02-05,1803,25.1,18.7,30.1,9.7,4.5,,3.0,,,,6.1
Tecnè,Quarta Repubblica,2019-02-04,998,25.0,17.3,32.1,11.7,4.1,,,,,,9.8
SWG,La7,2019-02-04,1500,24.0,16.8,33.8,8.3,4.3,2.9,3.1,,,,4.3
Noto Sondaggi,Rai 3,2019-01-30,(1000),24.0,19.0,33.0,9.0,4.5,2.0,3.0,,,,3.5
Index,La7,2019-01-30,800,23.5,17.5,33.7,7.9,4.3,2.9,2.7,,,,5.5
Demos & Pi,La Repubblica,2019-01-30,1006,24.9,18.2,33.7,9.4,3.3,2.8,3.0,,,,4.7
EMG,Rai 3,2019-01-29,1786,25.8,18.2,30.3,9.2,4.5,,3.0,,,,6.3
Piepoli,Rai 1,2019-01-29,503,27.5,17.0,30.0,10.5,4.5,3.0,2.5,,,,4.5
Euromedia,Rai 1,2019-01-29,800,24.7,17.2,33.0,10.4,4.6,3.4,2.8,,,,3.4
Tecnè,Quarta Repubblica,2019-01-28,1000,25.8,17.9,30.2,11.9,4.3,,,,,,9.9
SWG,La7,2019-01-28,1500,24.9,17.2,32.6,8.1,4.5,2.6,2.9,,,,4.8
Piepoli,La Stampa,2019-01-22,503,28.0,17.0,30.0,10.5,4.5,2.5,2.0,,,,5.0
EMG,Rai 3,2019-01-22,1801,26.5,17.9,30.1,8.9,4.7,,2.6,,,,6.5
SWG,LA7,2019-01-21,1500,25.7,17.9,31.5,8.6,4.4,2.8,3.0,,,,3.8
Tecnè,TGcom24,2019-01-17,1005,25.5,17.6,31.2,12.0,3.9,,,,,,9.8
Ipsos,Corriere della Sera,2019-01-17,1000,25.4,17.3,35.8,7.1,3.4,,3.5,,,,6.9
Index,LA7,2019-01-16,800,23.9,17.6,33.0,8.0,4.1,2.7,2.5,,,,6.1
EMG,Rai 3,2019-01-15,1794,26.6,18.5,30.6,8.8,4.4,,2.1,,,,6.4
Piepoli,Rai 1,2019-01-15,505,28.0,17.5,30.5,10.5,4.0,2.5,2.0,,,,4.5
Euromedia,Rai 1,2019-01-15,800,24.7,16.5,31.2,10.5,5.0,3.1,3.1,,,,5.4
Noto Sondaggi,Rai 3,2019-01-15,(1000),23.0,19.0,32.0,9.0,4.0,2.5,2.5,,,,6.0
Demopolis,,2019-01-15,1500,26.5,17.6,32.0,9.0,3.4,,,,,,11.5
SWG,LA7,2019-01-14,1500,25.2,17.3,32.2,8.2,4.2,3.1,3.2,,,,4.1
Noto Sondaggi,Quotidiano Nazionale,2019-01-13,(1000),23.0,19.0,34.0,9.0,4.0,2.0,2.5,,,,4.0
Tecnè,Il Giornale,2019-01-10,2000,25.5,17.5,30.8,11.7,3.9,,3.1,,,,7.5
BiDiMedia,,2019-01-10,1096,25.6,18.7,30.8,9.3,3.3,2.4,2.9,,,,5.2
Index,LA7,2019-01-09,800,24.1,17.5,33.1,7.9,4.1,2.9,2.5,,,,5.7
Piepoli,La Stampa,2019-01-08,505,28.0,17.5,31.5,10.0,3.5,2.5,2.0,,,,4.5
EMG,Rai 3,2019-01-08,1540,26.1,19.1,31.0,8.3,4.1,,2.0,,,,6.6
Tecnè,Quarta Repubblica,2019-01-07,1003,24.9,17.8,31.8,10.9,4.2,,,,,,10.4
SWG,LA7,2019-01-07,1500,26.3,17.3,32.2,8.3,3.8,2.8,2.9,,,,4.2
GPF,La Notizia,2018-12-30,894,28.6,17.0,31.5,10.7,4.4,2.6,1.9,,,,1.8
Ipsos,Corriere della Sera,2018-12-21,1000,27.0,18.1,32.9,8.0,3.5,2.8,2.4,,,,4.5
Ixè,,2018-12-21,(1000),24.8,17.9,31.0,9.9,4.7,3.2,2.1,,,,4.2
BiDiMedia,,2018-12-21,1018,26.5,16.9,31.4,8.1,3.3,2.2,3.4,,,,5.8
Lorien Consulting,,2018-12-20,1000,28.5,14.7,31.4,11.0,3.4,2.4,1.8,,,,4.2
CISE,,2018-12-19,1113,27.1,16.9,30.6,8.3,3.8,3.1,3.8,,,,4.0
EMG,,2018-12-18,1611,27.9,18.0,31.4,8.5,4.1,,2.1,,,,5.2
Tecnè,Quarta Repubblica,2018-12-17,801,25.3,17.1,32.8,10.8,4.2,,,,,,9.8
SWG,LA7,2018-12-17,1500,26.5,16.8,33.0,8.0,4.0,2.3,2.8,,,,4.2
Quorum,Sky TG 24,2018-12-14,1001,28.0,16.8,31.8,9.8,4.9,,2.1,,,,6.6
Demos & Pi,La Repubblica,2018-12-14,1181,25.7,17.5,32.2,9.1,3.6,3.0,2.5,,,,4.4
Demopolis,,2018-12-13,1500,27.5,16.5,31.8,8.8,3.2,,,,,,12.2
Index,LA7,2018-12-12,800,24.8,17.2,34.8,7.6,4.0,1.8,2.3,,,,5.2
GPF,,2018-12-12,800,27.2,17.5,31.5,10.8,4.9,3.1,1.8,,,,1.6
EMG,Rai 3,2018-12-11,1803,26.4,17.7,32.1,8.4,4.0,,2.2,,,,6.3
Piepoli,Rai 1,2018-12-10,503,28.5,17.0,31.0,10.5,4.0,2.5,2.0,,,,4.0
Euromedia,Rai 1,2018-12-10,800,24.6,17.3,33.9,9.4,4.2,2.3,3.3,,,,4.6
Tecnè,Quarta Repubblica,2018-12-10,800,25.5,17.0,33.2,10.9,4.0,,,,,,9.4
SWG,LA7,2018-12-10,1500,26.2,17.5,32.0,8.7,3.7,2.3,3.0,,,,4.2
Index,LA7,2018-12-06,(800),24.9,17.7,34.7,7.5,4.0,1.7,2.3,,,,5.0
EMG,Rai 3,2018-12-06,1784,25.7,18.5,32.1,8.2,4.0,,2.2,,,,6.4
SWG,LA7,2018-12-03,1500,27.3,17.6,32.0,8.2,3.3,2.4,2.8,,,,4.0
Tecnè,Quarta Repubblica,2018-12-02,1000,25.5,17.7,32.0,11.0,4.3,,,,,,9.5
Demopolis,,2018-11-29,1500,28.0,17.8,32.0,8.6,3.4,,,,,,10.2
Index,LA7,2018-11-28,1500,25.0,17.5,34.5,7.3,4.0,1.8,2.3,,,,5.5
EMG,,2018-11-27,1803,25.9,18.5,32.0,8.3,4.0,,2.1,,,,6.1
Noto Sondaggi,Rai 3,2018-11-27,(1000),25.0,18.0,34.0,9.5,4.0,2.0,2.5,,,,2.6
Tecnè,Quarta Repubblica,2018-11-26,797,25.9,18.1,31.9,11.2,3.9,,,,,,9.0
SWG,,2018-11-26,1500,26.5,18.0,31.5,8.4,3.5,2.3,2.8,,,,4.4
Scenari Politici–Winpoll,,2018-11-24,1500,26.3,19.0,31.5,9.8,3.7,2.0,2.7,,,,2.5
Lorien Consulting,,2018-11-23,(500),28.3,16.8,30.0,11.2,3.6,2.5,2.1,,,,2.8
Tecnè,TGcom24,2018-11-23,800,25.8,18.0,32.0,11.3,4.0,,,,,,8.9
Ipsos,Corriere della Sera,2018-11-22,1000,27.7,16.8,36.2,7.9,2.6,1.5,2.1,,,,4.6
BiDiMedia,,2018-11-22,1081,27.5,17.7,30.0,8.4,3.5,2.3,2.5,,,,5.8
Index,LA7,2018-11-21,800,25.9,18.1,33.3,7.2,3.8,2.0,2.3,,,,5.4
EMG,Rai 3,2018-11-20,1603,26.3,18.5,31.1,7.8,3.9,3.4,1.7,,,,4.5
Noto Sondaggi,Rai 3,2018-11-20,(1000),25.0,17.0,33.0,9.0,3.5,2.0,2.5,,,,5.6
SWG,LA7,2018-11-19,1500,26.4,17.5,32.7,7.8,3.5,2.5,3.0,,,,4.3
Index,LA7,2018-11-14,800,26.0,18.2,33.1,7.1,3.7,2.7,2.3,,,,6.9
EMG,Rai 3,2018-11-13,1538,27.3,18.1,31.2,8.0,3.9,3.1,1.7,,,,4.2
Noto Sondaggi,Rai 3,2018-11-13,(1000),26.0,17.0,32.0,9.0,3.0,3.0,2.5,,,,5.0
Piepoli,Rai 1,2018-11-12,512,29.5,16.5,30.5,10.5,4.0,2.5,2.0,,,,4.0
Euromedia,Rai 1,2018-11-12,800,26.7,17.1,31.3,10.8,4.2,2.9,2.5,,,,4.2
Tecnè,Quarta Repubblica,2018-11-12,1000,26.6,17.8,30.4,11.2,4.2,2.4,,,,,7.4
Scenari Politici–Winpoll,,2018-11-12,1500,26.8,18.7,31.8,9.6,3.8,2.4,2.5,,,,1.9
SWG,LA7,2018-11-12,1500,27.4,18.1,31.7,7.4,3.7,2.3,2.7,,,,4.2
Ixè,Huffington Post,2018-11-09,1000,25.9,17.5,29.8,9.4,4.2,2.5,2.9,,,,5.4
Index,LA7,2018-11-07,800,26.3,18.3,32.9,7.0,3.6,2.9,2.3,,,,6.7
Noto Sondaggi,Rai 3,2018-11-06,(1000),27.0,17.5,31.0,9.0,3.5,3.5,2.5,,,,3.0
Demopolis,,2018-11-05,1200,28.5,17.3,30.5,8.6,3.4,,,,,,11.7
SWG,LA7,2018-11-05,1500,28.2,17.5,30.4,8.3,3.9,2.6,2.6,,,,4.2
Tecnè,Quarta Repubblica,2018-11-02,805,27.1,17.6,30.2,11.0,4.1,2.5,,,,,7.5
Index,LA7,2018-10-31,800,26.6,18.1,32.5,7.1,3.6,2.8,2.2,,,,7.1
Ipsos,Corriere della Sera,2018-10-31,1000,28.7,16.5,34.7,8.7,2.7,2.1,2.7,,,,3.5
Demos & Pi,,2018-10-31,1001,27.6,16.5,30.0,9.4,3.1,3.1,2.3,,,,5.7
GPF,Affaritaliani.it,2018-10-29,798,30.2,16.8,30.1,10.2,4.5,2.4,1.9,,,,2.5
SWG,LA7,2018-10-29,1500,29.0,17.0,30.6,7.9,3.5,2.8,2.7,,,,4.0
Scenari Politici–Winpoll,,2018-10-27,1500,26.5,18.4,32.1,9.2,3.6,2.5,2.6,,,,1.7
Ixè,Huffington Post,2018-10-26,1000,27.1,17.9,30.7,8.1,3.3,2.2,2.2,,,,5.7
BiDiMedia,,2018-10-26,975,27.1,18.4,30.5,8.0,3.4,2.9,2.6,,,,4.7
Index,LA7,2018-10-25,800,27.4,18.0,31.9,7.2,3.6,2.8,2.1,,,,7.0
Noto Sondaggi,Rai 3,2018-10-23,(1000),26.0,17.0,31.0,9.0,4.0,3.3,2.0,,,,5.2
SWG,LA7,2018-10-22,1500,29.1,17.5,30.4,7.6,3.7,2.7,2.7,,,,4.0
Tecnè,Quarta Repubblica,2018-10-21,1000,27.4,17.3,30.6,11.0,3.9,2.6,,,,,7.2
EMG,Rai 3,2018-10-21,1528,28.8,17.3,30.6,7.9,4.0,3.2,1.5,,,,3.9
Euromedia,Rai 1,2018-10-17,800,27.6,15.9,31.7,10.4,4.1,2.7,2.6,,,,4.6
Piepoli,Rai 1,2018-10-17,605,29.5,17.0,30.5,10.5,3.5,2.5,2.0,,,,4.0
Noto Sondaggi,Rai 3,2018-10-16,(1000),28.5,15.5,32.0,8.0,4.0,3.0,2.0,,,,4.6
Lorien Consulting,,2018-10-15,(500),27.5,16.2,30.7,10.6,4.5,2.9,2.4,,,,3.0
GPF,Sky TG 24,2018-10-15,(613),31.1,16.2,29.8,10.3,4.3,2.6,2.1,,,,3.6
SWG,LA7,2018-10-15,1500,28.1,17.1,30.5,8.0,4.1,2.9,2.6,,,,4.2
Tecnè,Quarta Repubblica,2018-10-14,1000,28.7,17.5,30.4,11.2,3.6,2.1,,,,,6.5
Scenari Politici–Winpoll,,2018-10-13,1500,26.9,18.6,34.3,7.8,3.8,2.3,2.4,,,,1.1
Demopolis,,2018-10-12,1500,30.0,17.4,31.5,8.3,3.2,2.1,2.0,,,,5.5
Ixè,Huffington Post,2018-10-12,1000,28.2,17.0,31.8,8.7,2.6,2.5,2.5,,,,3.7
Noto Sondaggi,Rai 3,2018-10-09,(1000),27.5,16.0,33.0,9.0,3.5,3.0,2.0,,,,3.6
Tecnè,,2018-10-08,1000,28.5,17.0,31.1,11.1,3.5,2.4,,,,,6.4
SWG,LA7,2018-10-08,1500,29.0,17.2,31.0,8.3,3.5,2.3,2.7,,,,3.9
EMG,Rai 3,2018-10-07,1530,29.4,16.7,30.7,8.1,3.7,2.9,1.5,,,,4.3
Ipsos,Corriere della Sera,2018-10-04,1000,28.5,17.1,33.8,7.8,2.4,2.4,1.9,,,,5.5
Demopolis,,2018-10-02,1500,31.0,16.5,32.5,8.6,3.4,2.3,,,,,5.7
Piepoli,Rai 1,2018-10-01,505,30.0,16.5,31.0,10.0,3.5,2.5,2.0,,,,4.0
Euromedia,Rai 1,2018-10-01,800,29.0,16.2,33.0,9.3,3.6,2.5,2.0,,,,4.0
GPF,Affaritaliani.it,2018-10-01,613,32.1,15.5,30.2,10.2,4.8,2.5,2.2,,,,2.3
SWG,LA7,2018-10-01,1500,29.8,15.7,32.2,7.3,4.0,2.4,2.6,,,,3.9
Ipsos,,2018-09-28,(997),29.7,15.4,34.2,8.4,2.6,2.9,2.3,,,,4.2
BiDiMedia,,2018-09-28,867,28.4,17.6,30.4,8.2,3.5,2.5,2.4,,,,4.4
Index,LA7,2018-09-26,800,28.7,17.5,31.2,8.9,3.1,2.7,2.0,,,,5.9
Noto Sondaggi,Rai 3,2018-09-25,(1000),28.0,16.0,34.0,9.0,4.0,3.0,2.0,,,,1.0
SWG,LA7,2018-09-24,1500,28.6,16.3,32.0,8.3,3.7,2.4,2.5,,,,4.0
Tecnè,Quarta Repubblica,2018-09-23,1000,29.2,16.9,32.2,10.9,3.3,2.1,,,,,5.0
GPF,Affaritaliani.it,2018-09-23,801,31.5,15.1,29.9,10.9,4.7,2.7,2.2,,,,2.8
EMG,Rai 3,2018-09-23,1469,28.8,16.3,32.3,8.1,3.4,3.2,1.2,,,,3.6
Scenari Politici–Winpoll,,2018-09-22,1500,26.9,19.8,34.7,8.0,3.8,2.1,2.1,,,,0.6
Ixè,Huffington Post,2018-09-21,1000,27.6,18.2,31.2,9.0,2.4,2.5,2.6,,,,3.4
Ipsos,,2018-09-20,(997),28.8,16.0,34.6,9.0,2.5,2.9,2.1,,,,3.7
Index,LA7,2018-09-19,800,28.9,17.8,30.5,8.8,3.1,2.8,2.0,,,,6.1
Noto Sondaggi,Rai 3,2018-09-18,(1000),28.0,15.0,34.0,9.0,4.0,3.5,1.5,,,,3.1
Piepoli,Rai 1,2018-09-17,510,30.0,17.0,30.0,10.5,3.5,2.5,2.0,,,,4.0
Euromedia,Rai 1,2018-09-17,800,28.2,16.5,32.6,10.5,3.3,2.6,2.2,,,,3.7
GPF,Affaritaliani.it,2018-09-17,798,31.3,15.3,30.4,10.5,4.2,2.6,1.9,,,,3.5
SWG,LA7,2018-09-17,1500,28.7,16.9,31.6,7.0,4.3,2.5,2.6,,,,3.8
Tecnè,Quarta Repubblica,2018-09-15,1000,29.1,17.4,31.2,10.8,3.4,2.3,,,,,5.8
Demos & Pi,,2018-09-13,1002,29.4,17.3,30.2,8.7,2.7,2.9,2.6,,,,4.0
Demopolis,,2018-09-12,1500,30.2,17.0,32.0,8.5,3.0,2.3,,,,,7.0
Noto Sondaggi,Rai 3,2018-09-11,(1000),27.0,16.5,34.0,10.0,3.0,2.5,1.5,,,,3.5
Piepoli,Rai 1,2018-09-10,510,30.0,17.0,30.0,10.0,3.5,2.0,2.0,,,,5.0
Euromedia,Rai 1,2018-09-10,800,28.3,16.9,32.0,10.7,3.5,2.8,2.0,,,,3.4
SWG,LA7,2018-09-10,1500,27.9,17.3,32.1,7.6,3.9,2.3,2.4,,,,4.0
EMG,,2018-09-09,1520,28.9,17.0,30.5,8.5,3.7,2.8,1.6,,,,3.6
Scenari Politici–Winpoll,,2018-09-07,1500,26.4,20.8,35.0,7.2,4.1,2.3,1.9,,,,0.9
GPF,,2018-09-06,(613),31.8,15.5,30.8,11.3,4.4,2.5,1.6,,,,2.1
Noto Sondaggi,Rai 3,2018-09-06,1000,27.0,17.0,34.0,9.0,3.0,3.5,1.0,,,,3.5
Tecnè,TGcom24,2018-09-06,1000,29.5,17.6,30.3,11.0,3.5,2.0,,,,,6.1
Ipsos,Corriere della Sera,2018-09-06,1000,30.0,17.0,33.5,8.7,2.5,2.4,2.4,,,,3.3
Tecnè,,2018-09-04,800,29.8,17.5,30.1,10.9,3.7,1.8,,,,,6.2
SWG,LA7,2018-09-03,1500,28.3,17.7,32.2,6.9,4.1,2.4,2.6,,,,3.5
BiDiMedia,,2018-09-02,887,28.7,17.8,29.5,8.1,3.3,3.0,2.4,,,,4.5
Piepoli,Affaritaliani.it,2018-08-27,(500),29.0,15.0,30.0,12.0,3.0,,,,,,11.0
Lorien Consulting,,2018-08-27,500,26.8,16.8,31.7,8.7,4.6,3.7,2.5,,,,3.0
SWG,LA7,2018-07-30,1500,29.7,17.4,30.3,8.6,3.7,2.4,2.1,,,,3.3
Demopolis,,2018-07-25,1200,31.0,17.8,29.0,9.5,3.5,2.6,,,,,6.6
Ixè,Huffington Post,2018-07-23,(1000),29.2,18.2,28.0,9.6,4.1,2.6,2.3,,,,3.9
SWG,LA7,2018-07-23,1500,29.3,18.1,30.7,7.9,4.1,2.6,1.9,,,,3.4
Ipsos,Corriere della Sera,2018-07-18,1000,31.5,17.0,31.0,7.7,3.0,2.5,2.8,,,,4.3
Lorien Consulting,,2018-07-17,(500),28.1,17.8,28.2,11.4,4.2,3.7,2.0,,,,1.3
SWG,LA7,2018-07-16,1500,29.7,18.0,30.1,8.4,3.9,2.5,1.8,,,,3.7
BiDiMedia,,2018-07-13,769,29.0,18.9,28.2,8.3,4.0,2.8,2.1,,,,4.2
Termometro Politico,,2018-07-13,3400,29.0,18.5,30.3,7.9,3.1,2.0,1.9,,,,4.4
Piepoli,Sky TG 24,2018-07-09,506,29.0,18.0,28.0,12.0,3.0,2.0,2.0,,,,5.5
SWG,,2018-07-09,1500,29.0,17.8,30.5,7.7,4.3,2.3,2.3,,,,4.2
EMG,Rai 3,2018-07-08,1526,30.0,17.5,27.5,10.2,4.4,3.5,1.6,,,,2.6
SWG,LA7,2018-07-02,1500,28.7,17.8,29.8,8.2,4.3,2.7,2.1,,,,4.3
Quorum,Sky TG 24,2018-07-02,2181,28.1,19.3,27.7,9.9,4.0,,,,,,10.1
Ipsos,Corriere della Sera,2018-06-27,997,29.8,18.9,31.2,8.3,2.3,2.3,2.8,,,,4.0
Piepoli,Sky TG 24,2018-06-25,508,29.0,18.0,28.0,12.5,3.0,2.0,2.0,,,,5.0
SWG,LA7,2018-06-25,1500,29.4,18.8,29.7,8.4,3.8,2.4,1.7,,,,3.9
EMG,Rai 3,2018-06-24,1784,30.8,17.7,27.2,9.9,4.3,3.4,1.9,,,,1.7
BiDiMedia,,2018-06-24,896,28.6,19.2,27.7,8.9,4.0,2.3,1.7,,,,5.0
Tecnè,TGcom24,2018-06-20,1000,27.5,19.6,27.9,11.0,3.3,2.9,,,,,7.8
Lorien Consulting,,2018-06-20,(500),29.0,19.2,27.5,11.1,4.5,3.0,1.6,,,,2.0
Demopolis,LA7,2018-06-20,1500,29.0,19.0,28.0,10.0,3.8,2.5,,,,,7.7
Euromedia,Rai 1,2018-06-20,800,28.0,16.8,28.3,12.4,4.2,3.0,1.8,,,,5.2
Noto Sondaggi,Rai 3,2018-06-19,(1000),27.0,20.0,29.0,9.0,3.5,3.0,2.0,,,,6.0
Piepoli,Rai 1,2018-06-19,504,29.0,18.0,27.0,13.0,3.0,2.0,2.0,,,,5.5
SWG,LA7,2018-06-18,1500,29.0,18.8,29.2,9.2,4.1,2.2,2.0,,,,4.0
Ixè,Huffington Post,2018-06-16,1000,28.5,19.7,28.0,9.5,4.1,3.0,2.0,,,,3.1
Termometro Politico,,2018-06-15,2300,29.5,21.2,28.7,8.1,2.8,2.3,1.8,,,,3.3
Ipsos,Corriere della Sera,2018-06-13,1000,29.9,18.6,30.1,8.7,2.9,2.6,2.0,,,,4.6
Euromedia,Rai 1,2018-06-13,800,29.0,17.5,27.3,12.3,4.3,2.3,1.8,,,,5.2
Tecnè,Canale 5,2018-06-12,1001,28.4,19.4,25.6,11.2,3.6,3.1,,,,,8.7
Piepoli,Rai 1,2018-06-12,506,30.0,18.5,25.5,13.5,3.5,1.5,2.0,,,,5.0
SWG,LA7,2018-06-11,1500,31.5,18.4,27.0,8.6,3.9,2.3,1.9,,,,4.6
Index,LA7,2018-06-06,800,29.2,19.4,26.7,10.0,3.2,2.2,,,,,9.0
Piepoli,Sky TG 24,2018-06-04,614,31.5,18.5,24.0,14.0,3.0,1.5,2.0,,,,5.0
SWG,LA7,2018-06-04,1500,30.9,18.5,27.2,8.8,3.7,2.3,2.2,,,,4.2
EMG,Rai 3,2018-06-03,1784,32.0,19.6,22.3,12.0,5.2,3.6,1.6,,,,1.5
Ipsos,Corriere della Sera,2018-05-31,1002,30.1,19.2,28.5,9.0,3.9,3.1,2.0,,,,3.7
Index,LA7,2018-05-31,800,29.0,19.2,26.5,10.1,3.5,1.9,,,,,9.5
Demopolis,,2018-05-30,1500,30.0,19.0,26.0,11.0,4.0,3.0,,,,,7.0
Piepoli,Rai 1,2018-05-29,505,31.5,19.0,24.0,13.5,3.5,1.5,1.5,,,,5.0
Euromedia,Rai 1,2018-05-29,800,33.7,17.0,23.7,12.5,3.8,2.1,2.0,,,,4.8
Tecnè,TGcom24,2018-05-29,806,31.0,17.3,25.0,12.5,3.5,3.0,,,,,7.7
Termometro Politico,,2018-05-29,6000,32.2,19.1,26.7,9.9,3.1,1.6,1.5,,,,3.4
Noto Sondaggi,Rai 3,2018-05-28,(1000),29.0,17.0,25.0,12.0,3.5,3.5,2.0,,,,7.5
BiDiMedia,,2018-05-28,976,32.4,18.1,24.7,9.8,3.6,2.3,1.8,,,,3.9
SWG,LA7,2018-05-28,2100,29.5,19.4,27.5,8.0,3.8,2.7,2.4,,,,4.1
EMG,Rai 3,2018-05-24,1549,32.6,18.1,21.1,13.4,4.9,3.7,1.4,,,,4.2
Index,LA7,2018-05-23,800,30.0,18.8,22.5,13.2,4.2,2.1,,,,,8.7
Demopolis,,2018-05-23,1500,32.5,17.0,24.0,11.0,4.0,2.7,,,,,8.8
Noto Sondaggi,il Quotidiano Nazionale,2018-05-22,(1000),30.0,16.5,25.0,12.0,4.0,2.5,2.5,,,,7.0
SWG,LA7,2018-05-20,1500,31.1,19.1,24.5,9.7,4.7,2.6,1.8,,,,4.1
Demos & Pi,,2018-05-18,1006,31.1,17.6,22.1,13.2,3.7,2.8,2.5,,,,7.0
Tecnè,TGcom24,2018-05-18,2000,31.6,18.2,23.2,12.8,3.8,2.8,,,,,7.6
Piepoli,Rai 1,2018-05-17,(500),31.5,19.0,21.0,14.0,4.0,2.0,1.5,,,,6.5
Ipsos,Corriere della Sera,2018-05-17,1000,32.6,18.1,25.4,12.0,3.4,2.4,1.8,,,,3.7
EMG,Rai 3,2018-05-17,1745,31.9,18.1,21.8,12.9,4.8,3.7,1.5,,,,4.7
Index,LA7,2018-05-16,800,30.1,19.0,21.8,13.5,4.2,2.1,,,,,8.8
Euromedia,Rai 1,2018-05-16,800,31.2,17.5,22.3,13.8,4.2,3.0,1.6,,,,5.9
Noto Sondaggi,Rai 3,2018-05-15,(1000),32.5,16.5,22.0,13.0,4.0,2.5,2.0,,,,7.0
SWG,LA7,2018-05-13,1500,32.1,19.0,25.5,9.8,3.8,2.8,1.8,,,,3.2
Ixè,Huffington Post,2018-05-11,1000,31.5,17.8,22.0,12.2,4.1,3.4,1.8,,,,4.6
Piepoli,,2018-05-10,(500),32.0,19.0,21.0,13.5,3.5,2.5,1.5,,,,6.5
Demopolis,LA7,2018-05-10,1500,34.0,17.5,23.0,10.0,4.0,2.8,,,,,8.7
Euromedia,,2018-05-10,800,32.1,18.0,22.8,12.8,3.9,2.9,1.6,,,,5.3
EMG,Rai 3,2018-05-10,1611,30.8,18.0,23.2,12.2,4.8,4.3,1.5,,,,2.3
Tecnè,Canale 5,2018-05-08,998,32.0,17.9,22.6,12.9,4.0,3.1,,,,,7.5
Piepoli,Sky TG 24,2018-05-07,504,32.0,19.0,21.0,13.0,4.0,2.5,1.5,,,,6.5
Tecnè,TGcom24,2018-05-06,1500,32.1,17.7,22.3,13.0,4.0,3.0,,,,,7.9
SWG,,2018-05-06,1500,32.3,19.0,24.4,9.4,4.4,3.0,1.5,,,,4.2
Noto Sondaggi,il Quotidiano Nazionale,2018-05-04,(1000),35.0,15.5,22.5,12.0,4.0,2.5,,,,,8.5
EMG,Rai 3,2018-05-03,1683,31.5,17.5,23.5,11.8,4.6,3.9,1.4,,,,5.0
Ipsos,Corriere della Sera,2018-05-03,1000,33.7,18.3,21.2,13.1,3.6,2.8,2.2,,,,4.2
Piepoli,,2018-05-02,(500),32.0,18.5,21.0,13.0,4.0,2.5,2.0,,,,6.0
Index,,2018-05-02,800,33.2,18.1,22.9,12.2,3.9,2.0,,,,,2.2
Tecnè,Canale 5,2018-04-30,1600,31.8,17.6,22.8,12.6,4.4,3.3,,,,,7.5
Piepoli,Rai 1,2018-04-30,505,33.0,18.0,21.0,13.0,4.0,2.5,2.0,,,,5.5
Euromedia,Rai 1,2018-04-30,800,32.8,18.0,21.8,12.4,4.1,3.1,2.2,,,,5.0
BiDiMedia,,2018-04-30,906,34.4,17.1,20.8,11.6,4.6,2.4,2.0,,,,3.3
Demos & Pi,La Repubblica,2018-04-27,1005,32.9,17.8,21.6,12.6,3.8,3.0,2.1,,,,6.2
EMG,Rai 3,2018-04-26,1627,34.5,17.6,22.0,12.5,4.4,3.2,1.3,,,,1.8
SWG,,2018-04-25,2000,34.3,17.8,23.7,9.9,3.9,2.8,1.7,,,,3.6
Piepoli,,2018-04-23,500,34.0,17.5,19.5,14.0,3.5,2.0,2.0,,,,6.5
Tecnè,TGcom24,2018-04-20,1000,33.5,18.1,21.8,12.6,4.0,2.8,,,,,7.2
Ipsos,Corriere della Sera,2018-04-19,998,33.5,19.5,19.5,12.9,4.3,2.7,2.2,,,,4.6
Index,LA7,2018-04-18,800,34.0,17.9,22.6,12.0,3.8,2.0,,,,,7.3
SWG,,2018-04-18,2000,33.0,18.9,23.2,10.4,4.4,2.4,2.0,,,,3.5
Noto Sondaggi,Rai 3,2018-04-17,(1000),33.0,18.9,23.2,10.4,4.4,2.4,2.0,,,,3.5
Piepoli,,2018-04-16,505,34.5,17.5,19.5,13.5,3.5,2.0,2.0,,,,6.5
Euromedia,Rete 4,2018-04-13,1000,34.1,17.8,20.7,12.5,4.0,3.0,2.0,,,,5.4
Index,LA7,2018-04-11,800,34.1,18.3,22.9,11.8,3.7,2.0,,,,,6.8
Ixè,Huffington Post,2018-04-11,1000,34.0,16.6,21.0,12.2,4.6,3.6,1.4,,,,3.6
SWG,,2018-04-11,2000,32.6,19.3,23.5,10.1,4.1,2.7,1.8,,,,3.5
Euromedia,,2018-04-09,1000,34.2,17.8,19.5,12.5,4.1,3.1,2.2,,,,6.1
Piepoli,,2018-04-09,508,35.0,17.5,19.5,14.0,3.5,2.0,2.0,,,,5.5
Index,LA7,2018-04-05,800,34.3,18.2,23.0,11.6,3.6,2.0,,,,,6.8
SWG,,2018-04-04,2000,34.5,19.0,22.4,9.9,3.8,2.5,1.8,,,,3.6
Tecnè,Canale 5,2018-04-03,998,34.0,18.5,19.8,13.2,3.9,2.4,1.9,,,,6.3
Demopolis,LA7,2018-04-03,1500,35.0,17.8,20.0,12.5,4.5,3.0,,,,,7.2
Euromedia,,2018-03-28,800,34.6,17.6,19.4,12.5,4.5,3.2,1.4,,,,5.8
Piepoli,,2018-03-28,510,34.0,17.5,19.0,13.5,4.0,2.5,2.0,,,,6.5
Index,LA7,2018-03-28,800,34.6,17.7,23.5,11.2,3.4,2.0,,,,,7.2
Ipsos,Corriere della Sera,2018-03-28,1000,33.9,18.8,19.2,13.1,4.2,3.0,2.3,,,,4.6
SWG,,2018-03-28,2000,34.1,18.4,21.0,12.1,4.2,2.6,2.0,,,,2.4
BiDiMedia,,2018-03-25,860,33.5,18.0,19.6,12.9,4.4,3.0,1.9,,,,3.3
Index,LA7,2018-03-21,800,34.9,17.5,23.5,10.9,3.3,2.1,,,,,7.2
Tecnè,Canale 5,2018-03-20,802,34.2,19.0,19.2,13.6,4.2,2.5,2.2,,,,5.1
SWG,,2018-03-21,2000,35.2,19.0,21.6,10.1,3.9,2.4,1.7,,,,3.8
Piepoli,,2018-03-19,508,33.5,18.0,18.0,13.5,4.0,3.0,2.0,,,,7.0
Euromedia,,2018-03-19,800,33.4,18.0,18.8,13.4,4.2,3.3,1.6,,,,6.1
Piepoli,La Stampa,2018-03-15,512,34.0,18.5,18.0,14.0,4.0,3.0,2.5,,,,5.0
Demos & Pi,La Repubblica,2018-03-15,1246,33.8,18.4,18.2,12.8,4.8,4.2,2.2,,,,5.6
SWG,Il Messaggero,2018-03-14,1000,34.5,18.0,22.3,10.5,3.1,2.8,1.7,,,,3.5
